English,Spanish,Portuguese
you,tú,vocês
I,yo,eu
to,para,para
the,la,a
a,a,uma
and,y,e
that,ese,que
it,eso,isto
of,de,do
me,me,mim
what,qué,que
is,es,é
in,en,em
this,esta,isto
know,saber,conhecer
I'm,estoy,Eu estou
for,por,para
no,No,não
have,tener,tenho
my,mi,minha
don't,no,não
just,sólo,somente
not,no,não
do,hacer,Faz
be,ser,ser
on,en,em
your,tu,sua
was,fue,estava
we,nosotros,nós
it's,es,Está
with,con,com
so,asi que,assim
but,pero,mas
all,todos,tudo
well,bien,Nós vamos
are,son,está
he,él,ele
oh,Oh,Oh
about,acerca de,cerca de
right,derecho,certo
you're,estás,você é
get,obtener,obter
here,aquí,aqui
out,afuera,Fora
going,yendo,vai
like,como,Como
yeah,Si,sim
if,Si,E se
her,ella,sua
she,ella,ela
can,puede,posso
up,arriba,pra cima
want,querer,quer
think,pensar,pensar
that's,esa es,isso é
now,ahora,agora
go,Vamos,ir
him,él,ele
at,a,no
how,cómo,Como as
got,obtuvo,pegou
there,allí,lá
one,uno,1
did,hizo,fez
why,por qué,Por quê
see,ver,Vejo
come,ven,vir
good,bien,Boa
they,ellos,elas
really,De Verdad,mesmo
as,como,Como
would,haría,gostaria
look,Mira,Veja
when,Cuándo,quando
time,tiempo,Tempo
will,voluntad,vai
okay,okey,OK
back,espalda,voltar
can't,hipocresía,não pode
mean,significar,significar
tell,contar,dizer
I'll,voy a,eu vou
from,desde,a partir de
hey,Oye,ei
were,fueron,nós somos
he's,él es,ele é
could,podría,poderia
didn't,no,não
yes,sí,sim
his,su,seu
been,estado,sido
or,o,ou
something,algo,algo
who,OMS,quem
because,porque,Porque
some,algunos,algum
had,tenía,teve
then,luego,então
say,decir,dizer
ok,OK,OK
take,llevar,toma
an,un,um
way,manera,caminho
us,nosotros,nós
little,pequeño,pouco
make,hacer,faço
need,necesitar,precisar
gonna,ir a,vai
never,Nunca,nunca
we're,fueron,eram
too,también,também
love,amor,amor
she's,ella esta,ela é
I've,He,Eu tenho
sure,Por supuesto,certo
them,ellos,eles
more,más,mais
over,sobre,sobre
our,Ntra,nosso
sorry,lo siento,desculpa
where,donde,Onde
what's,qué,o que é
let,dejar,deixar
thing,cosa,coisa
am,soy,sou
maybe,quizás,pode ser
down,abajo,baixa
man,hombre,homem
has,posee,tem
uh,Oh,Uh
very,muy,muito
by,por,de
there's,hay,há
should,debería,devemos
anything,cualquier cosa,algo
said,dicho,disse
much,mucho,Muito de
any,ninguna,algum
life,la vida,vida
even,incluso,até
off,apagado,desligado
please,por favor,por favor
doing,haciendo,fazendo
thank,gracias,agradecer
give,dar,dar
only,solamente,só
thought,pensamiento,pensado
help,ayuda,ajuda
two,dos,dois
talk,hablar,falar
people,gente,pessoas
god,Dios,Deus
still,todavía,ainda
wait,Espere,esperar
into,en,para dentro
find,encontrar,encontrar
nothing,nada,nada
again,de nuevo,novamente
things,cosas,coisas
let's,Vamos,vamos
doesn't,no,não
call,llamada,ligar
told,dijo,contado
great,genial,ótimo
before,antes de,antes da
better,mejor,Melhor
ever,alguna vez,sempre
night,noche,noite
than,que,que
away,fuera,longe
first,primero,primeiro
believe,creer,acreditam
other,otro,outro
feel,sentir,sentir
everything,todo,tudo
work,trabajo,trabalhar
you've,tienes,você tem
fine,multa,multar
home,casa,casa
after,después,depois
last,último,durar
these,estas,esses
day,día,dia
keep,guardar,guarda
does,lo hace,faz
put,poner,por
around,alrededor,por aí
stop,detener,Pare
they're,ellos son,eles estão
I'd,Identificación,Identidade
guy,chico,cara
long,largo,grandes
isn't,no es,não é
always,siempre,sempre
listen,escuchar,ouço
wanted,buscado,procurado
Mr.,Señor.,Senhor.
guys,tipo,rapazes
huh,eh,Hã
those,esos,Essa
big,grande,grande
lot,lote,muito
happened,sucedió,ocorrido
thanks,Gracias,obrigado
won't,no lo hará,não vai
trying,difícil,tentando
kind,tipo,Gentil
wrong,equivocado,errado
through,mediante,Através dos
talking,hablando,falando
made,hecho,fez
new,nuevo,novo
being,ser,sendo
guess,adivinar,adivinhar
hi,Hola,Oi
care,cuidado,Cuidado
bad,malo,mau
mom,mamá,mãe
remember,recordar,lembrar
getting,consiguiendo,obtendo
we'll,bien,Nós vamos
together,juntos,junto
dad,padre,Papai
leave,abandonar,deixar
mother,madre,mãe
place,sitio,"Lugar, colocar"
understand,comprender,Compreendo
wouldn't,no,não iria
actually,Realmente,na realidade
hear,oír,ouvir
baby,bebé,bebê
nice,bonito,bom
father,padre,pai
else,demás,outro
stay,permanecer,ficar
done,hecho,feito
wasn't,no estaba,não era
their,sus,seus
course,curso,curso
might,puede que,poderia
mind,mente,mente
every,todos,cada
enough,suficiente,o suficiente
try,intentar,experimentar
hell,infierno,inferno
came,llegó,veio
someone,alguien,alguém
you'll,Vas,você vai
own,propio,ter
family,familia,família
whole,entero,inteira
another,otro,outro
house,casa,casa
jack,Jacobo,Jack
yourself,usted mismo,você mesmo
idea,ocurrencia,idéia
ask,preguntar,perguntar
best,mejor,melhor
must,deber,deve
coming,viniendo,chegando
old,viejo,velho
looking,buscando,Procurando
woman,mujer,mulher
hello,Hola,Olá
which,cuales,qual
years,años,anos
room,habitación,quarto
money,dinero,dinheiro
left,izquierda,deixou
knew,supo,sabia
tonight,esta noche,esta noite
real,verdadero,real
son,hijo,filho
hope,esperanza,esperança
name,nombre,nome
same,mismo,mesmo
went,fue,foi
um,um,hum
hmm,mmm,hum
happy,contento,feliz
pretty,bonita,bonito
saw,vio,Viu
girl,niña,garota
sir,señor,senhor
show,show,mostrar
friend,amigo,amigo
already,ya,já
saying,dicho,dizendo
may,mayo,poderia
next,próximo,Próximo
three,Tres,três
job,trabajo,emprego
problem,problema,problema
minute,minuto,minuto
found,encontró,encontrado
world,mundo,mundo
thinking,pensando,pensando
haven't,no he,não
heard,Escuchó,ouvi
honey,miel,querida
matter,asunto,importar
myself,yo mismo,Eu mesmo
couldn't,no podía,não podia
exactly,exactamente,exatamente
having,teniendo,tendo
ah,ah,ah.
probably,probablemente,provavelmente
happen,suceder,acontecer
we've,Hemos,Nós temos
hurt,lastimar,ferir
boy,chico,Garoto
both,ambas cosas,Ambas
while,tiempo,enquanto
dead,muerto,morto
gotta,tengo que,Tenho que
alone,solo,sozinho
since,ya que,desde
excuse,excusa,com licença
start,comienzo,começar
kill,matar,matar
hard,duro,Difícil
you'd,usted,você
today,hoy dia,hoje
car,coche,carro
ready,Listo,pronto
until,hasta,até
without,sin,sem
whatever,lo que,qualquer que seja
wants,quiere,quer
hold,retener,espera
wanna,querer,quer
yet,aún,ainda
seen,visto,visto
deal,trato,acordo
took,tomó,tomou
once,una vez,uma vez
gone,desaparecido,se foi
called,llamada,chamado
morning,Mañana,manhã
supposed,supuesto,suposto
friends,amigos,amigos
head,cabeza,cabeça
stuff,cosas,material
most,la mayoría,a maioria
used,usado,usado
worry,preocuparse,preocupar
second,segundo,segundo
part,parte,papel
live,En Vivo,viver
truth,verdad,verdade
school,escuela,escola
face,rostro,rosto
forget,olvidar,esqueço
TRUE,CIERTO,VERDADEIRO
business,negocio,o negócio
each,cada,cada
cause,porque,causa
soon,pronto,em breve
knows,sabe,sabe
few,pocos,alguns
telling,narración,Dizer
wife,esposa,esposa
who's,quien es,quem é
use,utilizar,usar
chance,oportunidad,chance
run,correr,corre
move,moverse,mover
anyone,alguien,alguém
person,persona,pessoa
bye,adiós,tchau
somebody,alguien,alguém
dr.,Dr.,dr.
heart,corazón,coração
such,tal,tal
miss,extranar,senhorita
married,casado,casado
point,punto,apontar
later,luego,mais tarde
making,haciendo,fazer
meet,reunirse,Conheçer
anyway,de todas formas,de qualquer forma
many,muchos,vários
phone,teléfono,telefone
reason,razón,razão
damn,maldita sea,droga
lost,perdió,perdido
looks,mira,visual
bring,traer,trazer
case,caso,caso
turn,girar,virar
wish,deseo,desejar
tomorrow,mañana,amanhã
kids,niños,crianças
trust,confianza,Confiar em
check,cheque,Verifica
change,cambiar,mudança
end,fin,fim
late,tarde,atrasado
anymore,ya no,não mais
five,cinco,cinco
least,menos,ao menos
town,ciudad,Cidade
aren't,no son,não são
ha,decir ah,ha.
working,laboral,trabalhando
year,año,ano
makes,hace,faz
taking,tomando,tirando
means,medio,meios
brother,hermano,irmão
play,tocar,Toque
hate,odio,odiar
ago,atrás,atrás
says,dice,diz
beautiful,hermosa,lindo
gave,dio,deram
fact,hecho,facto
crazy,loco,louco
party,fiesta,Festa
sit,sentar,sentar
open,abierto,abrir
afraid,asustado,com medo
between,Entre,entre
important,importante,importante
rest,descanso,descanso
fun,divertida,Diversão
kid,niño,miúdo
word,palabra,palavra
watch,reloj,assistir
glad,contento,Alegre
everyone,todos,todo o mundo
days,dias,dias
sister,hermana,irmã
minutes,minutos,minutos
everybody,todos,todo o mundo
bit,poco,pouco
couple,Pareja,casal
whoa,whoa,Uau
either,cualquiera,ou
Mrs.,Señora.,Sra.
feeling,sentimiento,sentindo-me
daughter,hija,filha
wow,Guau,Uau
gets,obtiene,recebe
asked,preguntó,Perguntou
under,bajo,debaixo
break,pausa,quebrar
promise,promesa,promessa
door,puerta,porta
set,colocar,definir
close,cerrar,perto
hand,mano,mão
easy,fácil,fácil
question,pregunta,pergunta
doctor,médico,médico
tried,intentado,testado
far,lejos,distante
walk,caminar,andar
needs,necesidades,precisa
trouble,problema,dificuldade
mine,Mia,minha
though,sin embargo,Apesar
times,veces,vezes
different,diferente,diferente
killed,delicado,morto
hospital,hospital,hospital
anybody,cualquiera,qualquer pessoa
Sam,Sam,Sam.
alright,está bien,tudo bem
wedding,boda,Casamento
shut,cerrar,fechar
able,poder,capaz
die,morir,morrer
perfect,Perfecto,perfeito
police,policía,polícia
stand,pararse,ficar
comes,viene,vem
hit,pegar,bater
story,historia,história
ya,ya,ya.
waiting,esperando,espera
dinner,cena,jantar
against,en contra,contra
funny,divertido,engraçado
husband,marido,esposo
almost,casi,quase
stupid,estúpido,estúpido
pay,pagar,pagar
answer,respuesta,responder
four,cuatro,Quatro.
office,oficina,escritório
cool,Genial,frio
eyes,ojos,olhos
news,noticias,notícia
child,niño,filho
shouldn't,no debería,não deveria
half,medio,metade
side,lado,lado
yours,tuyo,Sua
moment,momento,momento
sleep,dormir,dorme
read,leer,ler
where's,donde esta,Onde está a
started,empezado,começado
young,joven,novo
men,hombres,homens
sounds,sonidos,sons
sonny,hijo,sonny
lucky,afortunado,por sorte
pick,elegir,escolha
sometimes,algunas veces,às vezes
em,em,em.
bed,cama,cama
also,además,tb
date,fecha,Encontro: Data
line,línea,linha
plan,plan,plano
hours,horas,horas
lose,perder,perder
fire,fuego,incêndio
free,libre,gratuitamente
hands,las manos,mãos
serious,grave,sério
Leo,León,Leo.
shit,mierda,merda
behind,detrás,atrás
inside,dentro,dentro
high,elevado,Alto
ahead,adelante,à frente
week,semana,semana
wonderful,maravilloso,Maravilhoso
T.,T.,T.
fight,lucha,lutar
past,pasado,passado
cut,recorte,cortar
quite,bastante,bastante
number,número,número
he'll,infierno,inferno
sick,enfermo,doente
S.,S.,S.
it'll,va,Vai
game,juego,jogos
eat,comer,comer
nobody,nadie,ninguém
goes,va,vai
death,muerte,morte
along,a lo largo de,junto
save,salvar,Salve 
seems,parece,parece
finally,por fin,finalmente
lives,vive,vidas
worried,preocupado,preocupado
upset,disgustado,chateado
Theresa,Hay una,Há um
Carly,Carly,Carly
Ethan,Ethan,Ethan.
met,reunió,conheceu
book,libro,livro
brought,trajo,trouxeram
seem,parecer,parecer
sort,clasificar,ordenar
safe,a salvo,seguro
living,viviendo,vivo
children,niños,crianças
weren't,no estaban,não eram
leaving,partida,deixando
front,parte delantera,frente
shot,Disparo,tomada
loved,amado,amavam
asking,preguntando,Perguntando
running,corriendo,corrida
clear,claro,Claro
figure,figura,figura
hot,caliente,quente
felt,sintió,sentido
six,seis,seis
parents,padres,pais
drink,beber,bebida
absolutely,absolutamente,absolutamente
how's,Como es,como está
daddy,papá,Papai
sweet,dulce,doce
alive,viva,vivo
Paul,Paul,Paulo
sense,sentido,senso
meant,quiso decir,significou
happens,sucede,acontece
David,David,David.
special,especial,especial
bet,apuesta,aposta
blood,sangre,sangue
ain't,no es,Não
kidding,es una broma,brincando
lie,mentir,mentira
full,completo,cheio
meeting,cita,encontro
dear,Estimado,caro
coffee,café,café
seeing,vidente,vendo
sound,sonido,som
fault,culpa,falta
water,agua,agua
fuck,Mierda,Porra
ten,diez,dez
women,mujeres,mulheres
john,Juan,John
welcome,bienvenidos,bem-vinda
buy,comprar,Comprar
months,meses,meses
hour,hora,hora
speak,hablar,falar
lady,dama,Senhora
Jen,Jen,Jen
thinks,cree,pensa
Christmas,Navidad,Natal
body,cuerpo,corpo
order,orden,pedido
outside,fuera de,lado de fora
hang,colgar,aguentar
possible,posible,possível
worse,peor,pior
company,empresa,companhia
mistake,error,erro
ooh,Oh,ooh.
handle,encargarse de,lidar com
spend,gastar,gastar
C.,C.,C.
totally,totalmente,totalmente
giving,donación,dando
control,control,ao controle
here's,Aquí está,aqui está
marriage,matrimonio,casado
realize,darse cuenta de,entender
D.,D.,D.
power,poder,potência
president,presidente,Presidente
unless,a no ser que,a não ser que
sex,sexo,sexo
girls,muchachas,garotas
send,enviar,enviar
needed,necesario,necessário
taken,tomado,ocupado
died,fallecido,morreu
scared,asustado,assustada
picture,imagen,foto
talked,habló,falou
Jake,Jake,Jake
Al,Alabama,Al.
ass,culo,bunda
hundred,centenar,centenas
changed,cambió,mudado
completely,completamente,completamente
explain,explicar,explique
playing,jugando,jogando
certainly,ciertamente,certamente
sign,firmar,assinar
boys,Niños,Rapazes
relationship,relación,relação
Michael,Miguel,Michael
loves,ama,O amor é
fucking,maldito,porra
hair,cabello,cabelo
lying,acostado,deitado
choice,elección,escolha
anywhere,en cualquier lugar,qualquer lugar
secret,secreto,segredo
future,futuro,futuro
weird,extraño,estranhas
luck,suerte,sorte
she'll,cáscara,Concha
max.,max.,max.
Luis,Luis,Luis.
turned,transformado,virado
known,conocido,conhecido
touch,tocar,tocar
kiss,Beso,beijo
crane,grua,guindaste
questions,preguntas,questões
obviously,obviamente,obviamente
wonder,preguntarse,maravilha
pain,dolor,dor
calling,vocación,Chamando
somewhere,algun lado,em algum lugar
throw,lanzar,lançar
straight,derecho,Em linha reta
grace,gracia,graça
cold,frío,frio
white,blanco,Branco
fast,rápido,velozes
Natalie,Natalie,Natalie.
words,palabras,palavras
food,comida,Comida
none,ninguno,Nenhum
drive,conducir,dirigir
feelings,sentimientos,sentimentos
they'll,Ellos,eles vão
worked,trabajó,trabalhado
marry,casar,casar
light,luz,luz
test,prueba,teste
drop,soltar,derrubar
cannot,no poder,não pode
Frank,Franco,Frank.
sent,enviado,enviado
city,ciudad,cidade
dream,sueño,Sonhe
protect,proteger,proteger
twenty,veinte,vinte
class,clase,aula
Lucy,Lucy,Lucy.
surprise,sorpresa,surpresa
its,su,Está
sweetheart,cariño,amor
forever,para siempre,para todo sempre
poor,pobre,pobre
looked,miró,visto
mad,enojado,louco
except,excepto,exceto
gun,pistola,arma de fogo
y'know,ya sabes,sabe
dance,danza,dança
takes,acepta,leva
appreciate,agradecer,apreciar
especially,especialmente,especialmente
situation,situación,situação
besides,además,além do mais
weeks,semanas,semanas
pull,jalar,puxar
himself,él mismo,ele mesmo
hasn't,no tiene,não
act,Actuar,agir
worth,valor,que vale a pena
Sheridan,Sheridan,Sheridan.
amazing,increíble,surpreendente
top,cima,topo
given,dado,dado
expect,suponer,Espero
Ben,Ben,Ben.
rather,bastante,em vez de
Julian,Julian,Julian.
involved,involucrado,envolvido
swear,jurar,xingar
piece,trozo,pedaço
busy,ocupado,ocupado
law,ley,lei
decided,decidió,decidido
black,negro,Preto
Joey,Joey,Joey.
happening,sucediendo,acontecendo
movie,película,filme
we'd,casarse,Casar
catch,captura,captura
Antonio,Antonio,Antonio.
country,país,país
less,menos,menos
perhaps,quizás,talvez
step,paso,Passo
fall,otoño,cair
watching,mirando,assistindo
kept,conservó,mantido
darling,querida,querida
dog,perro,cachorro
Ms.,Milisegundo.,Em.
win,victoria,ganhar
air,aire,ar
honor,honor,honra
personal,personal,pessoal
moving,Moviente,movendo-se
till,hasta que,até
admit,admitir,Admitem
problems,problemas,problemas
murder,asesinato,assassinato
strong,fuerte,Forte
he'd,él,ele'd.
evil,maldad,mal
definitely,definitivamente,com certeza
feels,siente,sente
information,información,em formação
honest,honesto,honesto
eye,ojo,olho
broke,rompió,quebrado
missed,omitido,esquecidas
longer,más extenso,mais tempo
dollars,dólares,dólares.
tired,cansado,cansado
Jason,Jasón,Jason.
George,Jorge,George.
evening,noche,noite
human,humano,humano
starting,a partir de,iniciando
Ross,Ross,Ross.
red,rojo,vermelho
entire,completo,inteiro
trip,viaje,viagem
Brooke,Brooke,Brooke.
E.,MI.,E.
club,club,clube
Niles,Niles,Niles.
suppose,suponer,suponha que
calm,calma,calma
imagine,imagina,Imagine
Todd,Todd,Todd.
fair,justa,feira
caught,atrapó,apanhado
B.,B.,B.
blame,culpar,culpa
street,calle,rua
sitting,sentado,sentado
favor,favor,Favor
apartment,Departamento,apartamento
court,Tribunal,quadra
terrible,terrible,Terrível
clean,limpio,limpar
tony,tony,Tony
learn,aprender,aprender
Alison,Alison,Alison
Rick,Almiar,Rick.
works,obras,funciona
rose,Rosa,Rosa
Frasier,Frasier,Frasier.
relax,relajarse,relaxar
York,York,Iorque
million,millón,milhão
charity,caridad,caridade
accident,accidente,acidente
wake,despertarse,acordar
prove,probar,provar
Danny,Danny,Danny.
smart,inteligente,inteligente
message,mensaje,mensagem
missing,desaparecido,ausente
forgot,olvidó,esquecido
small,pequeño,pequeno
interested,interesado,interessado
table,mesa,tabela
nbsp,nbsp,nbsp.
become,volverse,tornar-se
Craig,Craig,Craig.
mouth,boca,boca
pregnant,embarazada,grávida
middle,medio,meio
billy,porra,Billy
ring,anillo,anel
careful,Cuidado,cuidadoso
shall,deberá,deve
dude,amigo,parceiro
team,equipo,equipe
ride,montar,passeio
figured,figurado,figurado
wear,vestir,vestem
shoot,disparo,atirar
stick,palo,grudar
ray,rayo,raio
follow,seguir,Segue
Bo,Bo,Bo.
angry,enfadado,Bravo
instead,en lugar de,em vez de
buddy,compañero,companheiro
write,escribir,Escreva
stopped,detenido,parou
early,temprano,cedo
angel,Ángel,anjo
nick,mella,usuario
ran,corrió,correu
war,guerra,guerra
standing,de pie,de pé
forgive,perdonar,perdoar
jail,celda,cadeia
wearing,agotador,vestindo
Miguel,Miguel,Miguel
ladies,señoras,senhoras
kinda,un poco,tipo
lunch,comida,almoço
Cristian,Cristiano,Cristian
eight,ocho,oito
Greenlee,Greenlee,Greenlee.
gotten,conseguido,pego
hoping,esperando,na esperança
Phoebe,Phoebe,Febe
thousand,mil,mil
ridge,cresta,cume
music,música,música
Luke,Lucero,Lucas
paper,papel,papel
tough,difícil,resistente
tape,cinta,fita
Emily,Emily,Emily
state,estado,Estado
count,contar,contar
college,Facultad,Faculdade
boyfriend,novio,namorado
proud,orgulloso,orgulhoso
agree,de acuerdo,aceita
birthday,cumpleaños,aniversário
bill,cuenta,conta
seven,Siete,Sete
they've,ellos han,Eles têm
Timmy,Timmy,Timmy.
history,historia,história
share,Cuota,compartilhado
offer,oferta,oferecer
hurry,apurarse,pressa
ow,Ay,ow.
feet,pies,pés
wondering,preguntarse,perguntando
simple,sencillo,simples
decision,decisión,decisão
building,edificio,construção
ones,unos,uns
finish,terminar,Finalizar
voice,voz,voz
herself,sí misma,ela mesma
Chris,Chris,Chris.
would've,habría,teria
list,lista,Lista
Kay,Kay,Kay.
mess,desorden,bagunça
deserve,merecer,merecer
evidence,evidencia,Evidência
cute,linda,bonitinho
Jerry,alemán,Jerry.
dress,vestir,vestir
Richard,Ricardo,Richard
interesting,interesante,interessante
Jesus,Jesús,Jesus
James,Jaime,James
hotel,hotel,hotel
enjoy,disfrutar,desfrutar
Ryan,Ryan,Ryan.
Lindsay,Lindsay,Lindsay.
quiet,tranquilo,quieto
concerned,preocupado,preocupado
road,la carretera,estrada
eve,víspera,véspera
staying,quedarse,ficando
short,pequeño,baixo
beat,derrotar,bater
sweetie,cariño,docinho
mention,mencionar,menção
clothes,ropa,roupas
finished,terminado,finalizado
fell,cayó,caiu
neither,ninguno de los dos,nenhum
fix,arreglar,consertar
victor,Víctor,vencedor
respect,respeto,respeito
spent,gastado,gasto
prison,prisión,prisão
attention,atención,atenção
holding,tenencia,segurando
calls,llamadas,Chamadas
near,cerca,perto
surprised,sorprendido,surpreso
bar,bar,Barra
Beth,Beth,Beth.
pass,pasar,passar
keeping,acuerdo,guardando
gift,regalo,Presente
hadn't,no tenía,não tinha
putting,poniendo,colocando
dark,oscuro,Sombrio
self,uno mismo,auto
owe,deber,dever
using,utilizando,usando
Nora,Nora,Nora.
ice,hielo,gelo
helping,Ayudar,Ajudando
bitch,perra,cadela
normal,normal,normal
aunt,tía,tia
lawyer,abogado,advogado
apart,aparte,separado
certain,cierto,certo
plans,planes,planos
Jax,Jax,JAX.
girlfriend,Novia,Namorada
floor,piso,piso
whether,ya sea,se
everything's,todo es,tudo
present,regalo,presente
earth,tierra,terra
private,privado,privado
Jessica,Jessica,Jessica.
box,caja,caixa
Dawson,Dawson,Dawson
cover,cubrir,cobrir
judge,juez,juiz
upstairs,piso de arriba,lá em cima
Alexis,Alexis,Alexis.
Shawn,Shawn,Shawn.
sake,motivo,interesse
mommy,mamá,mamãe
possibly,posiblemente,possivelmente
worst,peor,pior
station,estación,estação
acting,interino,agindo
accept,aceptar,aceitar
blow,soplo,golpe
strange,extraño,estranho
saved,salvado,salvou
ivy,hiedra,hera
conversation,conversacion,conversação
plane,avión,avião
mama,mamá,mamãe
yesterday,el dia de ayer,ontem
lied,mintió,mentiu
quick,rápido,rápido
lately,últimamente,ultimamente
stuck,atascado,grudou
lovely,encantador,adorável
security,seguridad,segurança
report,reporte,relatório
Barbara,Bárbara,Barbara.
difference,diferencia,diferença
rid,deshacerse,livrar
tv or TV,TV o TV,TV ou TV
Adam,Adán,Adão
store,Tienda,armazenar
bag,bolsa,saco
Mike,Miguel,Mike
bought,compró,comprou
ball,pelota,bola
single,único,solteiro
Kevin,Kevin,Kevin.
doubt,duda,dúvida
listening,escuchando,ouvindo
major,importante,maior
walking,para caminar,andando
cops,policías,policiais.
blue,azul,azul
deep,profundo,profundo
dangerous,peligroso,perigoso
Buffy,Buffy,Buffy
park,parque,Parque
sleeping,dormido,adormecido
Chloe,Chloe,Chloe.
Rafe,Rafe,Rafe
shh,shr,shh.
record,registro,registro
lord,señor,senhor
Erica,Erica,Érica
moved,movido,mudou-se
join,unirse,Junte
key,clave,chave
captain,capitán,capitão
card,tarjeta,cartão
crime,crimen,crime
gentlemen,caballeros,cavalheiros
willing,dispuesto,disposto
window,ventana,janela
return,regresar,Retorna
walked,caminó,caminhou
guilty,culpable,culpado
Brenda,Brenda,Brenda
likes,gustos,Gostos
fighting,lucha,brigando
difficult,difícil,difícil
soul,alma,alma
joke,broma,Piada
service,Servicio,serviço
magic,magia,Magia
favorite,favorito,favorito
uncle,tío,tio
promised,prometido,prometido
public,público,público
bother,molestar,irmão
island,isla,ilha
Jim,Jim,Jim.
seriously,seriamente,a sério
cell,celda,célula
lead,dirigir,liderar
knowing,conocimiento,sabendo
broken,roto,partido
advice,Consejo,adendo
somehow,de alguna manera,de alguma maneira
paid,pagado,pago
Blair,Blair,Blair
losing,perdiendo,Perder
push,empujar,Empurre
helped,ayudado,ajudou
killing,asesinato,matando
usually,generalmente,usualmente
earlier,más temprano,mais cedo
boss,jefe,chefe
Laura,Laura,Laura
beginning,comenzando,começo
liked,gustó,apreciado
innocent,inocente,inocente
doc,Doc,documento
rules,reglas,as regras
Elizabeth,Elizabeth,Elizabeth.
Sabrina,Sabrina,Sabrina
summer or Summer,verano o verano,Verão ou verão
ex,ex,ex
cop,policía,policial
learned,aprendió,aprendido
thirty,treinta,trinta
risk,riesgo,risco
letting,dejando,de locação
Phillip,Phillip,Phillip.
speaking,discurso,Falando
officer,oficial,Policial
ridiculous,ridículo,ridículo
support,apoyo,"Apoio, suporte"
afternoon,tarde,tarde
Eric,Eric,Eric.
born,Nació,nascido
dreams,Sueños,sonhos
apologize,pedir disculpas,peça desculpas
seat,asiento,assento
nervous,nervioso,nervoso
across,al otro lado de,através
song,canción,música
Olivia,Olivia,Olivia.
charge,cargar,cobrar
patient,paciente,paciente
Cassie,Cassie,Cassie
boat,bote,barco
how'd,Como,como
brain,cerebro,cérebro
hide,esconder,ocultar
detective,detective,detetive
Aaron,Aaron,Aaron.
Kendall,Kendall,Kendall.
general,general,em geral
Tom,Tomás,Tom
planning,planificación,planejamento
nine,nueve,nove
huge,enorme,enorme
breakfast,desayuno,café da manhã
horrible,horrible,horrível
age,edad,idade
awful,horrible,horrível
pleasure,Placer,prazer
driving,conduciendo,dirigindo
hanging,colgante,pendurado
picked,escogido,escolhido
system,sistema,sistema
sell,vender,vender
quit,renunciar,Sair
apparently,aparentemente,pelo visto
dying,moribundo,moribundo
notice,aviso,perceber
Josh,Josh,Josh.
congratulations,Felicidades,Parabéns
chief,jefe,chefe
faith,fe,fé
Simon,Simón,Simon.
gay,gay,gay
ho or Ho,ho o ho,ho ou ho.
one's,unos,uns
month,mes,mês
visit,visitar,Visita
Hal,Hal,Hal.
could've,podría haber tenido,poderia ter
c'mon,vamos,Vamos lá
aw,aw,aw.
Edmund,Edmund,Edmund.
Brady,Brady,Brady.
letter,carta,carta
decide,decidir,decidir
American,americano,americano
double,doble,Duplo
Troy,Troy,Troy
sad,triste,triste
press,Prensa,Aperte
forward,adelante,frente
fool,tonto,idiota
showed,presentado,mostrou
smell,oler,cheiro
seemed,pareció,pareceu
Mary,María,Mary
spell,deletrear,soletrar
Courtney,Courtney,Courtney.
memory,memoria,memória
Mark or mark,Marca o marca,Mark ou Mark
Alan,Alan,Alan.
pictures,fotos,As fotos
Paris,París,Paris
slow,lento,lento
Joe or joe,Joe o Joe,Joe ou Joe.
Tim,Tim,Tim.
seconds,segundos,segundos
hungry,hambriento,com fome
board,tablero,borda
position,posición,posição
hearing,audiencia,audição
Roz,Roz,Roz.
kitchen,cocina,cozinha
ma'am,señora,Ma'am.
Bob or bob,Bob o Bob,Bob ou Bob.
force,fuerza,força
fly,volar,voe
during,durante,no decorrer
space,espacio,espaço
should've,debería haber,deveria ter
realized,dio cuenta,percebeu
experience,experiencia,experiência
kick,patear,pontapé
others,otros,outras
grab,tomar,agarrar
mother's,madre,mãe
P.,pag.,P.
Sharon,Sharon,Sharon.
discuss,discutir,discutir
third,tercera,terceiro
cat or Cat,gato o gato,gato ou gato
fifty,cincuenta,cinquenta
responsible,responsable,responsável
Jennifer,Jennifer,Jennifer.
Philip,Philip,Philip
miles or Miles,millas o millas,milhas ou milhas
fat,gordo,gordura
reading,leyendo,lendo
idiot,idiota,idiota
yep,sí,Sim
rock,rock,Rocha
rich,Rico,rico
suddenly,repentinamente,De repente
agent,agente,agente
bunch,racimo,Monte
destroy,destruir,destruir
bucks,bucal,Bucks.
track,pista,acompanhar
shoes,Zapatos,sapatos
scene,escena,cena
peace,paz,Paz
arms,brazos,braços
demon,demonio,demônio
Diane,Diane,Diane.
Bridget,Bridget,Bridget
Brad,Puntilla,Brad
low,bajo,baixo
Livvie,Livvie,Livvie.
consider,considerar,considerar
papers,documentos,papéis
medical,médico,médico
incredible,increíble,incrível
witch,bruja,bruxa
er,er,er.
drunk,borracho,bêbado
attorney,abogado,advogado
Charlie,Charlie,Charlie.
tells,decir,Diz
knock,golpear,bater
Karen,Karen,Karen
ways,formas,maneiras
eh,eh,Eh
belle or Belle,Belle o Belle,Belle ou Belle.
cash or Cash,efectivo o efectivo,dinheiro ou dinheiro
gives,da,dá
department,Departamento,departamento
nose,nariz,nariz
Skye,Skye,Skye.
turns,girar,vira
keeps,mantiene,mantém
beer,cerveza,Cerveja
jealous,celoso,ciúmes
drug,droga,medicamento
Molly,muchacha,Molly.
sooner,cuanto antes,mais cedo
cares,cuidar,se importa
plenty,mucho,bastante
extra,extra,extra
tea,té,chá
won,ganado,Ganhou
attack,ataque,ataque
ground,suelo,terra
whose,cuyo,cujo
outta,suceder,outta.
Kyle,Kyle,Kyle.
L.,L.,EU.
weekend,fin de semana,fim de semana
matters,asuntos,assuntos
wrote,escribió,escrevi
type,escribe,modelo
father's,del padre,pai
Alex,Alex,Alex.
gosh,Dios mio,Poxa
opportunity,oportunidad,oportunidade
king,Rey,Rei
impossible,imposible,impossível
books,libros,livros
machine,máquina,máquina
waste,desperdicio,desperdício
th,th,º
pretend,pretender,faz de conta
named,llamado,nomeado
danger,peligro,perigo
wall,pared,muro
Liz,Liz,Liz.
Ian,Ian,Ian.
Henry,Enrique,Henry.
jump,salto,pular
eating,comiendo,comendo
proof,prueba,prova
complete,completo,completo
slept,dormido,dormiu
career,carrera profesional,carreira
arrest,arrestar,prender prisão
star,estrella,Estrela
Phyllis,Phyllis,Phyllis.
Mac,Mac,Mac
breathe,respirar,respirar
perfectly,perfectamente,perfeitamente
warm,cálido,caloroso
pulled,tirado,retirado
Maria,Maria,Maria.
twice,dos veces,em dobro
easier,más fácil,mais fácil
killer,asesino,assassino
goin',entra',entre'
dating,Fechado,namoro
suit,traje,Traje
romantic,romántico,romântico
drugs,drogas,drogas
comfortable,cómodo,confortável
Isaac,Isaac,Isaac.
powers or Powers,poderes o poderes,poderes ou poderes
finds,descubrimiento,encontra.
checked,comprobado,verificado
fit,encajar,em forma
divorce,divorcio,divórcio
begin,comenzar,começar
ourselves,Nosotros mismos,nós mesmos
closer,más cerca,mais perto
ruin,ruina,ruína
although,a pesar de que,Apesar
smile,sonrisa,sorriso
laugh,reír,rir
fish,pez,peixe
Abigail,Abigail,ABIGAIL.
treat,tratar,tratar
god's,Dioses,Deuses
fear,temor,medo
Anna,Anna,Anna.
what'd,que,O que
Simone,Simone,Simone.
Amber,Ámbar,Âmbar
guy's,tipo,rapazes
otherwise,de lo contrario,de outra forma
excited,emocionado,animado
mail,correo,correspondência
hiding,ocultación,escondido
cost,costo,custo
green or Green,verde o verde,verde ou verde
stole,estola,roubaram
Pacey,Pácy,Pacey
noticed,notado,percebido
Liza,Liza,Liza.
fired,despedido,despedido
Daphne,Dafne,Daphne.
Whitney,Whitney,Whitney.
excellent,excelente,excelente
lived,vivido,vivia
bringing,trayendo,trazendo
pop,música pop,pop.
piper or Piper,Piper o Piper,Piper ou Piper
bottom,fondo,fundo
note,Nota,Nota
sudden,repentino,de repente
church,Iglesia,Igreja
bathroom,baño,banheiro
flight,vuelo,voar
Chad or chad,Chad o Chad,Chade ou Chad.
la or LA,la o la,LA ou LA
honestly,honestamente,honestamente
sing,canta,cantar
Katie,Katie,Katie.
foot,pie,pé
games,juegos,Jogos
glass,vidrio,copo
N.,NORTE.,N.
Mitch,Mitch,Mitch.
remind,recordar,lembrar
bank,Banco,Banco
Rory,Rory,Rory.
charges,cargos,cobranças
witness,testigo,testemunha
finding,hallazgo,encontrar
places,lugares,locais
tree,árbol,árvore
dare,atrevimiento,Atreva-se
hardly,difícilmente,dificilmente
that'll,eso será,isso vai
U.,U.,VOCÊ.
interest,interesar,interesse
steal,robar,roubar
princess,princesa,Princesa
silly,tonto,boba
contact,contacto,contato
teach,enseñar,Ensinar
shop,tienda,fazer compras
plus,más,mais
colonel,coronel,coronel
fresh,nuevo,fresco
trial,juicio,experimental
invited,invitado,convidamos
roll,rodar,rolar
radio,radio,rádio
art,Arte,arte
reach,alcanzar,alcançar
heh,jah,heh.
dirty,sucio,sujo
choose,escoger,escolher
emergency,emergencia,emergência
dropped,caído,derrubado
butt,extremo,bunda
credit,crédito,crédito
obvious,obvio,óbvio
cry,llorar,chore
locked,bloqueado,trancado
Larry,Larry,Larry.
loving,cariñoso,amoroso
positive,positivo,positivo
nuts,nueces,nozes
agreed,acordado,concordaram
Prue,Prue,PRUE.
price or Price,precio o precio,preço ou preço
goodbye,adiós,adeus
condition,condición,doença
guard,Guardia,guarda
fuckin',follando,porra '
grow,crecer,crescer
cake,pastel,bolo
mood,estado animico,humor
dad's,papá,Papai
Bianca,Bianca,Bianca
total,total,total
crap,tonterías,besteira
crying,llanto,choro
Paige,Paigre,Paige.
K. or 'k,K. o 'k,K. ou 'K
belong,pertenecer,pertencer
lay,poner,deitar
partner,pareja,parceiro
trick,truco,truque
pressure,presión,pressão
ohh,Oh,ohh
arm,brazo,braço
dressed,vestido,vestido
cup,taza,copo
lies,mentiras,mentiras
bus,autobús,ônibus
taste,gusto,gosto
neck,cuello,pescoço
south,Sur,Sul
something's,algunas cosas,algumas coisas
nurse,enfermero,enfermeira
raise,aumentar,levantar
land,tierra,terra
cross,cruzar,cruzar
lots,lotes,grande quantidade
mister,señor,senhor
carry,llevar,carregar
group,grupo,grupo
whoever,quien,Quem quer que seja
Eddie,Eddie,Eddie
drinking,Bebiendo,bebendo
they'd,ellos habian,eles teriam
breaking,rotura,quebra
file,expediente,Arquivo
lock,cerrar con llave,trancar
computer,computadora,computador
yo,yo,yo.
Rebecca,Rebecca,Rebecca.
wine,vino,vinho
closed,cerrado,fechado
writing,escribiendo,escrita
spot,lugar,local
paying,pago,Pagando
study,estudiar,estude
assume,asumir,presumir
asleep,dormido,dormindo
man's,del hombre,homem
turning,torneado,girando
legal,legal,jurídico
justice,justicia,justiça
Viki,Viki,Viki.
Chandler,Velero,Chandler.
bedroom,habitación,quarto
shower,ducha,chuveiro
Nikolas,Nikolas,Nikolas.
camera,cámara,Câmera
fill,llenar,encher
reasons,razones,Razões
forty,cuarenta,quarenta
bigger,más grande,Maior
nope,no,Não
keys,teclas,chaves
Starr,Starr,Starr.
breath,respiración,respiração
doctors,médicos,Médicos
pants,pantalones,calça
freak,fenómeno,doido
level,nivel,nível
French,francés,francês
movies,películas,filmes
gee,Caramba,gee.
Monica,Monica,Monica
action,acción,açao
area,zona,área
folks,muchachos,pessoal
Steve,Steve,Steve.
cream,crema,creme
ugh,puaj,ECA
continue,Seguir,Prosseguir
focus,atención,foco
wild,salvaje,selvagem
truly,realmente,verdadeiramente
Jill or jill,Jill o Jill,Jill ou Jill.
desk,escritorio,escrivaninha
convince,convencer,convencer
client,cliente,cliente
threw,tiró,jogou
Taylor,Taylor,Taylor.
band,banda,banda
hurts,duele,machuca
Charles,Charles,Charles.
spending,gasto,gastos
Neil,Neil,Neil.
field or Field,campo o campo,campo ou campo
allow,permitir,permitir
grand,grandioso,grande
answers,respuestas,respostas
shirt,camisa,camisa
chair,silla,cadeira
Christ or christ,Cristo o Cristo,Cristo ou Cristo
allowed,permitido,permitido
rough,áspero,duro
doin,doin,Doin
sees,ves,vê.
government,Gobierno,governo
Harry,Harry,atormentar
ought,debería,deveria
empty,vacío,vazio
round,redondo,arredondar
lights,luces,luzes
insane,loco,insano
hall or Hall,Hall o Hall,Hall ou Hall
hat,sombrero,chapéu
bastard,Bastardo,Desgraçado
wind,viento,vento
shows,muestra,mostra
aware,consciente,consciente
dealing,relación comercial,tratativa
pack,paquete,pacote
meaning,sentido,significado
flowers,flores,flores
tight,ajustado,justa
hurting,doler,machucando
ship,Embarcacion,navio
subject,sujeto,sujeito
guest,huésped,hóspede
mom's,Mamá,Mamãe
chicken,pollo,frango
pal,camarada,amigo
match,partido,partida
Elaine,Eline,Elaine.
arrested,detenido,preso
sun,sol,sol
Rachel,Rachel,Rachel
Salem,Salem,Salem.
confused,confundido,confuso
surgery,cirugía,cirurgia
expecting,esperando,esperando
deacon,diácono,diácono
Colleen,Muchacha,Colleen
unfortunately,Desafortunadamente,Infelizmente
goddamn,maldito,Maldito
lab,laboratorio,laboratório
passed,aprobado,passado
bottle,botella,garrafa
beyond,más allá de,além
whenever,cuando sea,sempre que
pool,piscina,piscina
opinion,opinión,opinião
naked,desnudo,nu
held,retenida,guardado
common,común,comum
starts,empieza,começa
jerk,imbécil,idiota
secrets,misterios,segredos
falling,descendente,queda
played,jugó,jogado
necessary,necesario,necessário
barely,apenas,por muito pouco
dancing,baile,dançando
health,salud,saúde
tests,pruebas,Testes.
copy,Copiar,cópia de
Keri,Keri,Keri.
video,video,vídeo
cousin,prima,primo
planned,planificado,planejado
Vanessa,Vanessa,Vanessa.
dry,seco,seco
ahem,Ejem,ahem.
twelve,doce,doze
simply,simplemente,simplesmente
Tess,Tess,Tess
Scott,Scott,Scott.
skin,piel,pele
often,a menudo,frequentemente
English,inglés,inglês
fifteen,quince,quinze
spirit,espíritu,espírito
speech,habla,discurso
names,nombres,nomes
issue,asunto,questão
orders,pedidos,Pedidos
nah,nah,nah.
final,final,final
Michelle,Michelle,Michelle.
America,America,América
St.,S t.,St.
results,resultados,resultados
code,código,código
Ned,Ned,Ned.
Bonnie,Bonnie,Bonnie
W.,W.,C.
believed,creído,acreditava
complicated,Complicado,complicado
umm,umm,umm.
research,investigar,pesquisar
nowhere,en ningún lugar,em lugar nenhum
escape,escapar,fuga
biggest,más grande,o maior
restaurant,restaurante,restaurante
page or Page,Página o página,página ou página
grateful,agradecido,grato
usual,usual,usual
burn,quemar,queimar
Chicago,Chicago,Chicago
Austin,Austin,Austin.
address,Dirección,Morada
within,dentro de,dentro de
someplace,en algún lugar,em algum lugar
screw,tornillo,parafuso
everywhere,En todas partes,em toda parte
train,tren,Comboio
film,película,filme
regret,arrepentirse,arrepender
goodness,bondad,bondade
mistakes,errores,erros
heaven or Heaven,cielo o cielo,Céu ou Céu
details,detalles,detalhes
responsibility,responsabilidad,responsabilidade
suspect,sospechar,suspeito
corner,esquina,canto
hero,héroe,herói
dumb,tonto,idiota
terrific,fantástico,formidável
Peter,Peter,Pedro
mission,misión,missão
further,más lejos,mais distante
Amy,Amy,Amy.
gas,gas,gás
whoo,whoo,whoo.
hole,agujero,orifício
memories,recuerdos,recordações
o'clock,en punto,horas
Brian,Brian,Brian.
truck,camión,caminhão
following,siguiente,Segue
ended,terminado,terminou
nobody's,No de nadie,ninguém é
Margo,Margo,Margo
teeth,diente,dentes
ruined,arruinado,arruinado
Hank,Madeja,Hank.
split,separar,dividir
Reva,Revasa,Reva.
bear,soportar,Urso
airport,aeropuerto,aeroporto
bite,morder,mordida
smoke,fumar,fumaça
Stenbeck,Stenbeck,Stenbeck
older,más viejo,Mais velho
liar,mentiroso,mentiroso
horse,caballo,cavalo
Gwen,Gwen,Gwen.
showing,demostración,mostrando
van or Van,camioneta,van ou van.
project,proyecto,projeto
cards,tarjetas,cartões
desperate,desesperado,desesperado
themselves,ellos mismos,si mesmos
search,búsqueda,procurar
pathetic,patético,patético
damage,daño,dano
spoke,habló,falou
quickly,rápidamente,rapidamente
scare,susto,susto
Marah,Marah,Marah.
G.,GRAMO.,G.
beach,playa,praia
Mia,Desaparecido en combate,Mia.
brown or Brown,marrón o marrón,marrom ou marrom
afford,poder pagar,dispor
vote,votar,voto
settle,asentar,resolver
gold,oro,ouro
re or 're,re o 're,re ou 're
mentioned,mencionado,mencionado
ed or -ed,ed o -ed,ed ou -ed.
due,vencer,vencimento
passion,pasión,paixão
Y. or -y,Y. o -y,Y. OU -Y.
stayed,permaneció,fiquei
rule,regla,regra
Friday,viernes,Sexta-feira
checking,comprobación,verificação
tie,Corbata,gravata
hired,Contratado,contratado
upon,sobre,sobre
rush or Rush,apresurarse o correr,Rush ou Rush
Tad,Tad,Tadir
heads,cabezas,cabeças
concern,preocupación,preocupação
blew,sopló,estraguei
natural,natural,natural
Alcazar,Alcázar,Alcazar.
Kramer,Kramer,Kramer.
champagne,champán,champanhe
connection,conexión,conexão
tickets,Entradas,ingressos
Kate,Kate,Kate.
finger,dedo,dedo
happiness,felicidad,felicidade
form,formulario,Formato
saving,ahorro,economizando
kissing,besar,se beijando
Martin,Martín,Martin.
hated,odiado,odiou
personally,personalmente,pessoalmente
suggest,sugerir,sugerir
prepared,preparado,preparado
build,construir,Construir
leg,pierna,perna
onto,sobre,para
leaves,sale de,folhas
downstairs,abajo,andar de baixo
ticket,billete,bilhete
it'd,yo,é
taught,enseñó,ensinado
loose,suelto,solto
holy,santo,sagrado
staff,personal,funcionários
sea,mar,mar
Asa,Como un,Como um
planet,planeta,planeta
duty,deber,dever
convinced,convencido,convencido
throwing,lanzamiento,jogando
defense,defensa,defesa
Harvey,Harvey,Harvey.
kissed,besado,beijado
legs,piernas,pernas
Dave,Dave,Dave
according,según,de acordo com
loud,fuerte,alto
practice,práctica,prática
Andy,Andy,Andy.
Jess,Cadena,Jess.
Saturday,sábado,sábado
Colin,Colin,Colin.
bright or Bright,brillante o brillante,brilhante ou brilhante
Amanda,Amanda,Amanda.
Fraser,Frasero,Fraser.
F.,F.,F.
babies,bebés,bebês
army,Ejército,Exército
where'd,donde D,onde d
warning,advertencia,aviso
miracle,milagro,milagre
carrying,que lleva,carregando
flying,volador,vôo
Caleb,Caleb,Caleb.
blind,ciego,cego
queen,reina,rainha
ugly,feo,feio
shopping,compras,Shopping
hates,odio,odeia
someone's,de alguien,de alguém
Seth,Seth,Seth.
monster,monstruo,monstro
sight,vista,visão
vampire,vampiro,vampiro
Rosanna,Rosanna,Rosna
bride,novia,noiva
coat,Saco,casaco
account,cuenta,conta
states,estados,afirma
clearly,claramente,claramente
celebrate,celebrar,comemoro
Nicole,Nicole,Nicole.
brilliant,brillante,brilhante
wanting,falto,querendo
Allison,Allison,Allison.
add,agregar,adicionar
moon,Luna,lua
Forrester,Forrester,Forrester.
lips,labios,lábios
custody,custodia,custódia
center,centrar,Centro
screwed,atornillado,parafusado
buying,comprar,comprando
size,Talla,Tamanho
toast,brindis,brinde
thoughts,pensamientos,pensamentos
Isabella,Isabela,Isabella.
student,estudiante,aluna
stories,cuentos,histórias
however,sin embargo,no entanto
professional,profesional,profissional
stars,estrellas,estrelas
reality,realidad,realidade
Jimmy or jimmy,Jimmy o Jimmy,Jimmy ou Jimmy.
birth,nacimiento,aniversário
Lexie,Lexie,Lexie.
attitude,actitud,atitude
advantage,ventaja,vantagem
grandfather,abuelo,Vô
Sami,Sami,Sami.
sold,vendido,vendido
opened,abrió,aberto
Lily,Lirio,Lírio
grandma,abuela,avó
beg,mendigar,implorar
Edward,Eduardo,Edward
changes,cambios,mudanças
Diego,Diego,Diego.
Cole,Col,Cole.
someday,algún día,algum dia
grade,calificación,nota
cheese,queso,queijo
roof,techo,cobertura
Kenny,Kenny,Kenny.
Bobby or bobby,Bobby o Bobby,Bobby ou Bobby
pizza,Pizza,pizza
brothers,hermanos,irmãos
X. or x,X. o x,X. ou X.
signed,firmado,assinado
bird,pájaro,pássaro
ahh,Ah,Ahh
marrying,casarse,casar-se
powerful,poderoso,poderoso
grown,crecido,crescido
grandmother,abuela,vovó
fake,falso,falso
opening,apertura,abertura
Sally,Salida,Sally
Stephanie,Stephanie,Stephanie.
expected,esperado,esperado
eventually,finalmente,eventualmente
must've,debe tener,deve ter
ideas,ideas,Ideias
exciting,excitante,excitante
covered,cubierto,abordado
Parker,Parker,Parker.
de,Delaware,de.
familiar,familiar,familiar
bomb,bomba,bombear
bout,combate,ataque
television,televisión,televisão
harmony or Harmony,armonía o armonía,harmonia ou harmonia
color,color,cor
heavy,pesado,pesado
schedule,calendario,cronograma
records,registros,registros.
H.,H.,H.
dollar,dólar,dólar
capable,capaz,capaz
master,Maestro,mestre
numbers,números,números
Toby,Tobo,Toby.
practically,prácticamente,praticamente
including,incluso,Incluindo
correct,correcto,correto
clue,pista,dica
forgotten,olvidado,esquecido
immediately,inmediatamente,imediatamente
appointment,cita,compromisso
social,social,social
nature,naturaleza,natureza
ú,ú,você
deserves,merece,merece
west or West,oeste u oeste,oeste ou oeste
Blake,Blake,Blake
teacher,profesor,professora
threat,amenaza,ameaça
Frankie,Franqueza,Frankie
bloody,sangriento,sangrento
lonely,solitario,sozinho
Kelly,Kelly,Kelly.
ordered,ordenado,encomendado
shame,vergüenza,vergonha
Brittany,Bretaña,Brittany
local,local,local
jacket,chaqueta,jaqueta
hook,gancho,gancho
destroyed,destruido,destruído
scary,de miedo,apavorante
loser,perdedor,fracassado
investigation,investigación,investigação
above,encima,acima
Jamal,Jamal,Jamal.
invite,invitación,convidar
shooting,tiroteo,tiroteio
merry,alegre,alegre
port,Puerto,porta
precious,precioso,precioso
lesson,lección,lição
Roy,Roy,Roy.
criminal,delincuente,Criminoso
growing,creciente,crescendo
caused,causado,causada
victim,víctima,vítima
professor,profesor,professor
followed,seguido,seguido
funeral,funeral,velório
nothing's,de nada,Nada é
dean,decano,reitor
considering,considerando,considerando
burning,incendio,queimando
couch,sofá,sofá
strength,fuerza,força
harder,más difícil,mais difícil
loss,pérdida,perda
view,vista,Visão
Gia,Gia,Gia.
beauty,belleza,beleza
sisters,hermanas,irmãs.
everybody's,todo el mundo,todo mundo
several,varios,de várias
pushed,empujado,empurrado
Nicholas,Nicholas,Nicholas.
written,escrito,escrito
somebody's,alguien,de alguém
shock,choque,choque
pushing,emprendedor,empurrando
heat,calor,aquecer
chocolate,chocolate,chocolate
greatest,más grande,o melhor
Holden,Holden,Holden
miserable,miserable,miserável
Corinthos,Corinthos,Corinthos.
nightmare,pesadilla,pesadelo
energy,energía,energia
brings,trae,traz
Zander,Zander,Zander.
character,personaje,personagem
became,se convirtió,passou a ser
famous,famoso,famoso
enemy,enemigo,inimigo
crash,choque,colidir
chances,posibilidades,chances
sending,enviando,Enviando
recognize,reconocer,reconhecer
healthy,saludable,saudável
boring,aburrido,chato
feed,alimentar,alimentar
engaged,comprometido,noivo
Sarah,Sarah,Sarah.
percent,por ciento,por cento
headed,con membrete,dirigindo-se
Brandon,Brandon,Brandon.
lines,líneas,linhas
treated,tratado,tratado
purpose,propósito,propósito
north or North,norte o norte,norte ou norte
knife,cuchillo,faca
rights,derechos,direitos
drag,arrastrar,arrastar
San,San,San
fan,ventilador,fã
badly,gravemente,seriamente
speed,velocidad,Rapidez
Santa,Papa Noel,Papai Noel
hire,contratar,contratar
curious,curioso,curioso
paint,pintura,pintar
pardon,perdón,perdão
Jackson,Jackson,Jackson.
built,construido,construído
behavior,comportamiento,comportamento
closet,armario,armário
candy or Candy,dulces o dulces,Doces ou doces
Helena,Helena,Helena
warn,advertir,avisar
gorgeous,precioso,linda
post,correo,publicar
milk,Leche,leite
survive,sobrevivir,sobreviver
forced,forzado,forçado
daria,Daria,Daria.
victoria,victoria,Victoria.
operation,operación,Operação
suck,chupar,suga
offered,Ofrecido,oferecido
hm,hm,hm.
ends,terminado,extremidades
dump,vertedero,jogar fora
rent,alquiler,aluguel
marshall,marshall,marshall.
remembered,recordado,lembrou
lieutenant,teniente,tenente
trade,comercio,troca
thanksgiving,acción de gracias,Ação de graças
rain,lluvia,chuva
revenge,venganza,vingança
physical,físico,físico
available,disponible,acessível
program,programa,programa
prefer,preferir,preferir
baby's,del bebé,Bêbês
spare,repuesto,poupar
pray,rezar,rezar
disappeared,desaparecido,desaparecido
aside,aparte,"a parte, de lado"
statement,declaración,demonstração
sometime,algún tiempo,às vezes
animal,animal,animal
sugar,azúcar,açúcar
Ricky,Ricky,Ricky.
meat,carne,eu no
fantastic,fantástico,fantástico
breathing,respiración,respirando
laughing,risa,rindo
itself,sí mismo,em si
tip,propina,gorjeta
stood,permaneció,ficou
market,mercado,mercado
Raul,Raul,Raul
affair,amorío,caso
Stephen,Stephen,Stephen.
ours,nuestro,nosso
depends,depende,depende do
cook,cocinero,cozinhar
babe,bebé,Babe
main,principal,a Principal
woods,bosque,madeiras
protecting,proteger,Protegendo
jury,jurado,júri
Harley,Harley,Harley.
national,nacional,nacional
brave,valiente,corajoso
storm,tormenta,tempestade
large,grande,ampla
prince,Príncipe,Principe
Jack's,Jack's,Jack's.
interview,entrevista,entrevista
Daniel,Daniel,Daniel
roger,Roger,roger.
football,fútbol,futebol
fingers,dedos,dedos
murdered,asesinado,assassinado
Stan,Estan,Stan.
sexy,sexy,sexy.
Julia,Julia,Julia.
explanation,explicación,explicação
da,dar,daí
process,proceso,processar
picking,cosecha,picking.
based,establecido,Sediada
style,estilo,estilo
stone,Roca,pedra
pieces,piezas,peças
blah,paja,blah.
assistant,asistente,assistente
stronger,más fuerte,mais forte
block,cuadra,quadra
aah,aah,aah.
Newman,Hombre nuevo,Novo homem
bullshit,mierda,besteira
pie,tarta,torta
handsome,guapo,jeitoso
unbelievable,increíble,inacreditável
anytime,cualquier momento,a qualquer momento
nearly,por poco,por pouco
Maureen,Maureen,Maureen
shake,agitar,sacudir
everyone's,de todos,todo mundo
Oakdale,Oakdale,Oakdale.
cars,carros,carros
wherever,lo que sea,onde quer que
serve,servir,servir
pulling,tracción,puxar
points,puntos,pontos
medicine,medicamento,remédio
facts,hechos,fatos
waited,esperado,esperou
Pete,Pete,Pete.
lousy,malísimo,nojento
circumstances,circunstancias,circunstâncias
stage,escenario,estágio
Lucas,Lucas,Lucas.
disappointed,decepcionado,desapontado
weak,débil,fraco
trusted,confiado,confiável
license,licencia,licença
nothin,nada,nada
community,comunidad,comunidade
trey,trey,Trey.
Jan,ene,Janeiro
trash,basura,lixo
understanding,comprensión,entendimento
slip,deslizar,escorregar
cab,taxi,táxi
Abby,Abby,Abby.
sounded,sonó,soou
awake,despierto,desperto
friendship,amistad,amizade
stomach,estómago,estômago
weapon,arma,arma
threatened,amenazado,ameaçado
Don,Don,vestir
mystery,misterio,mistério
Sean,Sean,Sean.
official,oficial,oficial
Lee,Sotavento,Lee.
dick,polla,pau
regular,regular,regular
Donna,Donna,Donna
river,río,Rio
Malcolm,Malcolm,Malcolm.
Vegas,Vegas,Vegas
valley,Valle,vale
understood,entendido,Entendido
contract,contrato,contrato
bud,brote,broto
sexual,sexual,sexual
race,raza,corrida
basically,básicamente,basicamente
switch,cambiar,interruptor
lake,lago,Lago
frankly,francamente,Francamente
issues,cuestiones,questões
cheap,barato,barato
lifetime,toda la vida,vida
deny,negar,negar
painting,cuadro,pintura
ear,oído,orelha
clock,reloj,relógio
Baldwin,Baldwin,Baldwin.
weight,peso,peso
garbage,basura,lixo
why'd,por que,Por que
tear,lágrima,rasgar
ears,orejas,ouvidos
dig,cavar,escavação
bullet,bala,bala
selling,venta,vendendo
setting,configuración,configuração
indeed,Por supuesto,na verdade
gus,gus,gus.
changing,cambiando,mudando
singing,cantando,cantoria
tiny,diminuto,pequeno
particular,especial,especial
draw,dibujar,empate
decent,bueno,decente
Susan,Susan,Susan.
super,súper,super
spring,primavera,Primavera
santos,santos,Santos.
avoid,evitar,evitar
messed,malísimo,confuso
united,Unido,Unido
filled,lleno,preenchido
touched,tocado,tocado
score,puntaje,pontuação
people's,gente,povos
disappear,desaparecer,desaparecer
stranger,extraño,desconhecido
exact,exacto,exato
pills,píldoras,comprimidos.
kicked,golpeado,chutado
harm,dañar,prejuízo
recently,recientemente,recentemente
ma,mamá,ma.
snow,nieve,neve
fortune,fortuna,fortuna
strike,Huelga,greve
pretending,pretender,fingindo
raised,elevado,criado
annie,Annie,Annie
slayer,asesino,assassino
monkey,mono,macaco
insurance,seguro,seguro
fancy,lujoso,extravagante
Sydney,Sydney,Sydney.
drove,condujo,dirigiu
cared,cuidado,cuidei
belongs,pertenece,pertence
nights,noches,Noites
shape,forma,forma
dogs,perros,cães
Lorelai,Lorelai,LORELAI.
Jackie,Jackie,Jackie.
base,base,base
Maggie,Maggia,Maggie
lift,elevar,lift
Lewis,Luis,Lewis.
stock,Valores,estoque
Sonny's,Sonny's,Sonny's.
fashion,Moda,moda
freedom,libertad,liberdade
timing,sincronización,tempo
Johnny,Johnny,Johnny
guarantee,garantía,garantia
chest,cofre,peito
bridge,puente,Ponte
woke,despertador,acordou
Tabitha,Tabitha,Tabitha.
source,fuente,fonte
patients,pacientes,pacientes
theory,teoría,teoria
lisa,lisa,lisa.
camp,acampar,acampamento
original,original,original
juice,jugo,sumo
burned,quemado,queimado
access,acceso,Acesso
watched,Visto,assistiu
heading,Bóveda,cabeçalho
selfish,egoísta,egoísta
oil,petróleo,óleo
drinks,bebidas,bebidas.
wise,sabio,sábio
Morgan,Morgan,Morgan
Ashley,Ashley,Ashley.
failed,fallido,fracassado
period,período,período
doll,muñeca,boneca
committed,comprometido,empenhado
elevator,ascensor,elevador
freeze,congelar,congelar
noise,ruido,ruído
exist,existe,existir
science,ciencia,Ciência
pair,par,par
edge,borde,Beira
wasting,debilitante,desperdiçando
sat,se sentó,sentado
player,jugador,jogador
ceremony,ceremonia,cerimônia
cartman,cárter,Cartman.
pig,cerdo,porco
uncomfortable,incómodo,desconfortável
Ted,Ted,Ted.
peg,clavija,pegada
guns,pistolas,armas
vacation,vacaciones,período de férias
staring,curioso,olhando fixamente
files,archivos,arquivos
bike,bicicleta,bicicleta
weather,tiempo,clima
name's,nombre,Nome do nome
mostly,principalmente,na maioria das vezes
stress,estrés,estresse
Kristina,Kristina,Cristina
sucks,chupar,é uma merda
permission,permiso,permissão
arrived,llegado,chegado
thrown,arrojado,jogado
possibility,posibilidad,possibilidade
faster,más rápido,mais rápido
example,ejemplo,exemplo
borrow,tomar prestado,emprestar
Casey,Casey,Casey.
release,liberar,lançamento
ate,comió,comeu
notes,notas,notas
joy,alegría,alegria
hoo,bobo,hoo.
library,Biblioteca,biblioteca
junior,júnior,júnior
property,propiedad,propriedade
negative,negativo,negativo
fabulous,fabuloso,fabuloso
event,evento,evento
doors,puertas,portas
screaming,gritando,gritando
vision,visión,visão
Nancy,Nancy,Nancy
member,miembro,membro
bone,hueso,osso
battle,batalla,batalha
Xander,Xander,Xander
Giles,Giles,Giles.
safety,la seguridad,segurança
term,término,prazo
devil,demonio,diabo
what're,que no,O que é
meal,comida,refeição
fellow,compañero,companheiro
asshole,Estúpido,Idiota
apology,disculpa,desculpa
anger,enojar,raiva
honeymoon,Luna de miel,lua de mel
wet,mojado,molhado
bail,fianza,fiança
parking,estacionamiento,estacionamento
fucked,follado,fodido
non,no,não
hung,colgado,pendurado
protection,proteccion,proteção
manager,gerente,Gerente
fixed,reparado,fixo
families,familia,famílias
dawn,amanecer,alvorecer
sports,Deportes,Esportes
Chinese,chino,chinês
campaign,Campaña,campanha
map,mapa,mapa
wash,lavar,lavagem
stolen,robado,roubado
sensitive,sensible,confidencial
stealing,robando,roubando
photo,Foto,foto
chose,elegido,escolheu
Russell,Russell,Russell.
lets,vamos,deixa
comfort,comodidad,conforto
worrying,preocupante,preocupante
whom,quién,o qual
pocket,bolsillo,bolso
Mateo,Mateo,Mateo.
bleeding,sangrado,sangramento
students,estudiantes,alunos
shoulder,hombro,ombro
ignore,ignorar,ignorar
fourth,cuatro,quarto
neighborhood,vecindario,vizinhança
FBI,FBI,FBI.
talent,talento,talento
Spaulding,Spaulding,Spaulding.
Carmen,Carmen,Carmen.
tied,atado,amarrado
garage,garaje,garagem
dies,muere,morre
demons,demonios,Demônios
travel,viaje,viajar por
Diana,Diana,Diana
success,éxito,sucesso
dumped,tirado,despejado
witches,brujas,bruxas
training,capacitación,Treinamento
rude,maleducado,grosseiro
crack,grieta,rachadura
model,modelo,modelo
bothering,molesto,incomodar
radar,Radar,radar
grew,creció,cresceu
willow,sauce,salgueiro
remain,permanecer,permanecer
soft,suave,suave
meantime,mientras tanto,Enquanto isso
gimme,gimme,me dê
connected,conectado,conectado
chase,perseguir,correr atrás
kinds,tipos,tipos
cast,emitir,fundida
cancer,cáncer,Câncer
Abe,Abe,Abe.
v,v,V.
sky,cielo,céu
likely,probable,provável
Laurence,Laurence,Laurence.
fate,destino,destino
buried,enterrado,enterrado
hug,abrazo,abraço
brother's,de los hermanos,irmão
driver,conductor,condutor
concentrate,concentrado,concentrado
throat,garganta,garganta
prom,paseo,baile de formatura
messages,mensajes,mensagens
east,este,leste
unit,unidad,unidade
intend,intentar,pretender
Hayward,Hena,Hayward
Dan,Dan,Dan.
crew,tripulación,equipe
ashamed,avergonzado,envergonhado
somethin,algo,alguma coisa
midnight,medianoche,meia-noite
manage,gestionar,gerir
guilt,culpa,culpa
weapons,armas,Armas
terms,condiciones,termos.
interrupt,interrumpir,interromper
guts,vísceras,estômago
tongue,lengua,língua
distance,distancia,distância
conference,conferencia,conferência
treatment,tratamiento,tratamento
shoe,zapato,sapato
Kane,Kane,Kane.
basement,sótano,porão
Alexandra,Alexandra,Alexandra.
sentence,frase,sentença
purse,bolso,Bolsa
Hilda,Hilda,Hilda
glasses,vasos,óculos
cabin,cabina,cabine
universe,universo,universo
towards,hacia,em direção
repeat,repetir,repita
mirror,espejo,espelho
wound,herida,ferimento
Travers,Travesuras,Atravessa
Matthew,Mateo,Mateus
tall,alto,alta
reaction,reacción,reação
odd,impar,chance
engagement,compromiso,noivado
therapy,terapia,terapia
letters,letras,letras
emotional,emocional,emocional
runs,carreras,corre
magazine,revista,revista
jeez,jeez,jeez.
decisions,decisiones,decisões
soup,sopa,sopa
daughter's,hija,filha
thrilled,fascinado,entusiasmado
Buchanan,Buchanano,Buchanan.
society,sociedad,sociedade
managed,administrado,gerenciou
Dixie,Marmita,Dixie.
sue,demandar,processar
stake,apostar,estaca
rex,rex,Rex.
chef,cocinero,chefe de cozinha
moves,movimientos,movimentos.
awesome,increíble,impressionante
genius,genio,gênio
extremely,extremadamente,extremamente
entirely,enteramente,inteiramente
tory,conservador,tório
nasty,desagradable,nojento
moments,momentos,momentos
expensive,caro,caro
counting,contando,Contando
shots,tiros,tiros
kidnapped,secuestrado,seqüestrado
square,cuadrado,quadrado
Seattle,Seattle,Seattle.
son's,hijos,filhos
London,Londres,Londres
cleaning,limpieza,limpeza
shift,cambio,mudança
plate,lámina,prato
Zack,Zaqueta,Zack.
impressed,impresionado,impressionado
smells,olores,cheira
trapped,atrapado,encurralado
male,masculino,macho
tour,gira,percorrer
Aidan,Aidan,Aidan.
knocked,golpeado,batido
charming,encantador,encantador
attractive,atractivo,atraente
argue,discutir,argumentar
Sunday,domingo,domingo
puts,pone,coloca
whip,látigo,chicote
language,idioma,língua
heck,infierno,diabos
embarrassed,avergonzado,envergonhado
settled,establecido,assentou
package,paquete,pacote
laid,establecido,disposto
animals,animales,animais
hitting,golpe,batendo
disease,enfermedad,doença
bust,busto,fracasso
stairs,escalera,escadas
Lizzie,Genoveva,Lizzie.
alarm,alarma,alarme
pure,puro,puro
nail,uña,unha
nerve,nervio,nervo
incredibly,increíblemente,incrivelmente
hill,colina,Colina
walks,camina,anda em
lane,carril,faixa
dirt,tierra,sujeira
bond,vínculo,ligação
stamp,sello,carimbo
sister's,hermana,irmã
becoming,convirtiéndose,tornando-se
terribly,terriblemente,terrivelmente
friendly,amistoso,amigáveis
easily,fácilmente,facilmente
damned,maldito,condenado
jobs,trabajos,empregos
suffering,sufrimiento,Sofrimento
disgusting,repugnante,repugnante
Washington,Washington,Washington.
stopping,parada,parando
deliver,entregar,entregar
riding,montando,cavalgando
helps,ayuda,ajuda
federal,federal,Federal
disaster,desastre,desastre
bars,barras,barras
DNA,ADN,DNA.
crossed,cruzado,cruzado
rate,Velocidad,avaliar
create,crear,crio
trap,trampa,armadilha
claim,afirmar,alegar
Christine,Christine,Christine.
California,California,Califórnia
talks,negociaciones,conversas
eggs,huevos,ovos
effect,efecto,efeito
chick,polluelo,pintainho
turkey,pavo,Turquia
threatening,amenazante,ameaçador
spoken,hablado,falou
snake,serpiente,cobra
introduce,introducir,introduzir
rescue,rescate,resgate
confession,confesión,confissão
embarrassing,embarazoso,embaraçoso
bags,pantalón,bolsas
lover,amante,amante
impression,impresión,impressão
gate,portón,portão
Kim,Kim,Kim.
fantasy,fantasía,fantasia
year's,años,anos
reputation,reputación,reputação
balls,pelotas,bolas
attacked,atacado,atacado
among,entre,dentre
lt,lt,lt.
knowledge,conocimiento,conhecimento
presents,presenta,apresenta
inn,Posada,Pousada
Europe,Europa,Europa
chat,chat,bate-papo
suffer,sufrir,Sofra
Bryant,Bryant,Bryant
argument,argumento,argumento
talkin,Talkin,Talkin
crowd,multitud,multidão
Montgomery,Montgomery,Montgomery
homework,tarea,trabalho de casa
fought,luchado,disputado
coincidence,coincidencia,coincidência
cancel,cancelar,cancelar
accepted,aceptado,aceitaram
rip,rotura,rasgar
pride,orgullo,orgulho
solve,resolver,resolver
hopefully,Ojalá,esperançosamente
Walter,Walter,Walter.
pounds,libras,libras
pine,pino,pinho
mate,compañero,amigo
illegal,ilegal,ilegal
generous,generoso,generoso
Tommy,Tommy,Tommy.
streets,calles,ruas
Matt,Mate,Matt.
director,director,diretor
glen,cañada,Glen.
con,estafa,vigarista
separate,separar,separado
outfit,atuendo,roupa
maid,mucama,empregada doméstica
bath,baño,banho de banheira
punch,puñetazo,soco
Phil,Phil,Phil
mayor,alcalde,prefeito
Helen,Helen,Helen
freaked,hecho anormalmente,assustado
begging,mendicidad,implorando
recall,recuerdo,lembrar
enjoying,disfrutando,desfrutando
bug,error,erro
woman's,mujer,mulher
prepare,preparar,preparar
parts,partes,partes
wheel,rueda,roda
signal,señal,sinal
Nikki,Nikki,Nikki.
direction,dirección,direção
defend,defender,defender
signs,señales,sinais
painful,doloroso,doloroso
Caroline,carolino,Caroline.
yourselves,ustedes mismos,a si mesmos
walls,paredes,Paredes.
rat,rata,rato
Maris,Maris,Maris
amount,Monto,quantia
that'd,eso,isso
suspicious,suspicaz,suspeito
hearts,corazones,corações.
flat,plano,apartamento
cooking,Cocinando,cozinhando
button,botón,botão
warned,prevenido,avisou
sixty,sesenta,sessenta
pity,pena,pena
parties,fiestas,festas
crisis,crisis,crise
Rae,Rae,Rae.
coach,entrenador,técnico
Abbott,Abbott,Abbott.
row,hilera,fileira
baseball,béisbol,baseball
yelling,Gritando,gritando
leads,Guías,conduz
awhile,Un rato,um tempo
pen,bolígrafo,caneta
confidence,confianza,confiança
offering,ofrecimiento,oferta
falls,caídas,cai
carter,carretero,Carter.
image,imagen,imagem
farm,granja,Fazenda
pleased,satisfecho,satisfeito
panic,pánico,pânico
Monday,lunes,segunda-feira
hers,suyo,dela
gettin,gettin,ficando
smith,Herrero,Smith.
role,papel,Função
refuse,negar,recusar
determined,determinado,determinado
Jane,Jane,Jane.
hell's,infierno,Hell's.
grandpa,abuelo,Vovô
progress,Progreso,progresso
Mexico,México,México
testify,testificar,testemunhar
passing,paso,passagem
military,militar,militares
choices,opciones,escolhas
artist,artista,artista
William,William,William
wh,WH,wh.
uhh,uhh,uhh.
gym,Gimnasio,Academia
cruel,cruel,cruel
wings,alas,asas
traffic,tráfico,tráfego
pink,rosado,Rosa
bodies,cuerpos,corpos
mental,mental,mental
gentleman,Caballero,cavalheiro
coma,coma,coma
poison,veneno,Poção
cutting,corte,corte
Proteus,Proteo,Proteus.
guests,huéspedes,convidados
girl's,muchachas,garotas
expert,experto,especialista
bull,Toro,touro
benefit,beneficio,beneficiar
bell,campana,Sino
faces,caras,rostos
cases,casos,Casos.
Mimi,Mimi,Mimi.
ghost,fantasma,fantasma
led,dirigió,conduziu
jumped,saltó,saltou
Audrey,Audrey,Audrey.
toilet,inodoro,toalete
secretary,secretario,secretário
sneak,furtivo,esgueirar-se
q,q,Q.
mix,mezcla,misturar
Marty,Marty,Marty.
Greta,Greta,Greta
firm,firma,empresa
Halloween,Víspera de Todos los Santos,dia das Bruxas
Barry,Barry,Barry
agreement,convenio,acordo
privacy,intimidad,privacidade
dates,fechas,datas
anniversary,aniversario,aniversário
smoking,de fumar,fumar
reminds,recuerda,lembra
pot,maceta,Panela
created,creado,criada
Wesley,Wesley,Wesley.
twins,mellizos,gêmeos
swing,columpio,balanço
successful,exitoso,bem-sucedido
season,temporada,temporada
scream,grito,gritar
considered,considerado,considerado
solid,sólido,sólido
options,opciones,Opções
flash,destello,clarão
commitment,compromiso,compromisso
senior,mayor,Senior
ill,enfermo,doente
else's,de lo demás,mais de's.
crush,Persona especial,A paixão súbita
ambulance,ambulancia,ambulância
wallet,billetera,carteira
Thomas,Thomas,Thomas.
Logan,Logan,Logan.
discovered,descubierto,descoberto
officially,oficialmente,oficialmente
gang,pandilla,gangue
til,til,til
rise,subir,elevação
reached,alcanzado,alcançado
eleven,once,onze
option,opción,opção
laundry,ropa sucia,lavanderia
former,anterior,antigo
assure,asegurar,assegurar
stays,corsé,permanece
skip,saltar,pular
hunt,cazar,caçar
fail,fallar,falhar
accused,acusado,acusado
wide,amplio,Largo
Robert,Robert,Robert
challenge,desafío,desafio
Snyder,Snyder,Snyder.
popular,popular,popular
learning,aprendiendo,Aprendendo
discussion,discusión,discussão
clinic,clínica,clínica
plant,planta,plantar
exchange,intercambio,troca
betrayed,traicionado,traído
bro,hermano,irmão
sticking,pega,furar
university,Universidad,universidade
target,objetivo,alvo
members,miembros,membros
lower,más bajo,diminuir
bored,aburrido,entediado
mansion,mansión,mansão
soda,soda,soda
silver,plata,prata
sheriff,alguacil,xerife
suite,suite,suíte
handled,manejado,manipulado
busted,Arrestado,pego
senator,senador,senador
Harold,Harold,Harold.
load,carga,carga
happier,más feliz,mais feliz
younger,mas joven,mais jovem
studying,estudiando,estudando
romance,romance,romance
procedure,procedimiento,procedimento
ocean,Oceano,oceano
section,sección,seção
Fred,Fred,Fred.
winter,invierno,inverno
sec,segundo,sec.
commit,cometer,comprometer-se
bones,huesos,ossos
assignment,asignación,atribuição
suicide,suicidio,suicídio
spread,propagar,espalhar
Quinn,Quinn,Quinn.
minds,mentalidad,mentes
fishing,pesca,pescaria
swim,nadar,nadar
ending,finalizando,final
bat,murciélago,bastão
yell,gritar,gritar
llanview,llanview,llanview.
league,liga,liga
chasing,persecución,perseguindo
seats,asientos,assentos
proper,adecuado,apropriado
holiday,día festivo,feriado
command,mando,comando
believes,cree,acredita
humor,humor,humor
hopes,esperanzas,espera
fifth,quinto,quinto
winning,victorioso,ganhando
solution,solución,solução
leader,líder,líder
yellow,amarillo,amarelo
Theresa's,Theresa's,Theresa's.
sharp,afilado,focado
sale,venta,oferta
Randy,Cachondo,Randy.
lawyers,abogados,Advogados de Advogados
giant,gigante,gigante
nor,ni,nem
material,material,material
latest,más reciente,Mais recentes
ash,ceniza,cinza
highly,altamente,altamente
escaped,escapado,escapou
audience,audiencia,público
winner,ganador,vencedora
parent,padre,pai
burns,quemaduras,queimaduras
tricks,trucos,truques
insist,insistir,insistir
dropping,goteante,cair
cheer,alegría,alegrar
medication,medicamento,medicamento
higher,más alto,superior
flesh,carne,carne
district,distrito,distrito
wood,madera,Madeira
routine,rutina,rotina
Zelda,Zelda,Zelda.
cookies,galletas,biscoitos
century,siglo,século
shared,compartido,compartilhado
sandwich,Sandwich,sanduíche
psycho,psicópata,psicopata
handed,entregó,entregue
FALSE,FALSO,FALSO
beating,golpeando,espancamento
appear,aparecer,aparecer
adult,adulto,adulto
warrant,orden,garantia
spike,pico,Espigão
garden,jardín,Jardim
family's,de la familia,família
awfully,muy,muito
odds,impares,chances
article,artículo,artigo
treating,tratando,tratamento
thin,delgada,fino
suggesting,sugerencia,sugerindo
Palmer,Palmero,Palmer.
fever,fiebre,febre
female,mujer,fêmea
sweat,sudor,suor
silent,silencio,silencioso
specific,específico,específico
clever,inteligente,esperto
sweater,suéter,agasalho
request,solicitar,solicitar
prize,premio,prêmio
mall,centro comercial,Shopping
tries,intentos,tentativas
mile,milla,milha
manning,manada,tripulação
fully,completamente,completamente
estate,inmuebles,Estado
diamond,diamante,diamante
union,Unión,União
sharing,intercambio,compartilhamento
Jamie,Jamie,Jamie.
assuming,asumiendo,assumindo.
judgment,juicio,julgamento
goodnight,buenas noches,boa noite
divorced,divorciado,divorciado
quality,calidad,qualidade
despite,A pesar de,Apesar de
Colby,Colby,Colby
surely,seguramente,certamente
steps,pasos,degraus
jet,chorro,jato
confess,confesar,confessar
Bart,Bárbaro,Bart
mountain,montaña,montanha
math,Matemáticas,matemática
listened,escuchado,Ouvido
comin,comin,vindo
answered,respondido,respondidas
vulnerable,vulnerable,vulnerável
Boston,Bostón,Boston
bless,bendecir,abençoar
dreaming,soñando,sonhando
rooms,habitaciones,quartos
Claire,Clave,Claire.
chip,chip,lasca
zero,cero,zero
potential,potencial,potencial
pissed,Molesto,puto
Nate,Nata,Nate.
kills,matanza,mata
grant,conceder,conceder
wolf,Lobo,Lobo
tears,lágrimas,pranto
knees,rodillas,joelhos
chill,enfriar,frio
Carly's,Carly's,Carly's.
blonde,Rubio,Loiras
brains,sesos,cérebros
agency,agencia,agência
Harvard,Harvard,Harvard
degree,grado,grau
unusual,raro,incomum
wife's,esposa,esposa
joint,articulación,articulação
rob,robar,roubar
packed,lleno,embalado
Mel,Mel,Mel.
dreamed,soñado,sonhou
cure,cura,cura
covering,cubierta,cobertura
newspaper,periódico,jornal
lookin,pase a ver,olhar dentro
coast,costa,costa
grave,tumba,Cova
egg,huevo,ovo
direct,directo,direto
cheating,infiel,traindo
breaks,descanso,rompe
quarter,trimestre,trimestre
orange,naranja,laranja
mixed,mezclado,misturado
locker,armario,armário
husband's,de marido,marido
gifts,regalos,presentes.
brand,marca,marca
awkward,incómodo,estranho
toy,juguete,brinquedo
Thursday,jueves,quinta-feira
rare,raro,cru
policy,política,política
pilar,pilar,Pilar.
kid's,niños,crianças
joking,bromas,brincadeira
competition,competencia,concorrência
classes,clases,Aulas
assumed,ficticio,assumido
reasonable,razonable,razoável
dozen,docena,dúzia
curse,maldición,xingamento
Quartermaine,Cuartererma,Quartaemaine.
millions,millones,Milhões
dessert,postre,sobremesa
rolling,laminación,rolando
detail,detalle,detalhe
alien,extraterrestre,estrangeiro
served,servido,servido
delicious,delicioso,delicioso
closing,clausura,fechamento
vampires,vampiros,Vampiros
released,liberado,lançado
Mackenzie,Mackenzie,Mackenzie
ancient,antiguo,ancestral
wore,vistió,vestiu
value,valor,valor
tail,cola,cauda
site,sitio,local
secure,seguro,seguro
salad,ensalada,salada
murderer,asesino,assassino
Margaret,Margaret,Margaret.
hits,golpes,exitos
toward,hacia,em direção a
spit,escupir,cuspir
screen,pantalla,tela
pilot,piloto,piloto
penny,centavo,centavo
offense,ofensa,ofensa
dust,polvo,pó
conscience,conciencia,consciência
Carl,Carl,Carl.
bread,pan,pão
answering,contestador,respondendo
admitted,aceptado,admitido
lame,aburrido,muito ruim
invitation,invitación,convite
hidden,oculto,escondido
grief,dolor,pesar
smiling,sonriente,sorridente
path,sendero,caminho
homer,homero,Homer
destiny,destino,destino
del,del,del.
stands,soportes,Stands.
bowl,cuenco,tigela
pregnancy,el embarazo,gravidez
Laurie,Laurie,Laurie.
Hollywood,Hollywood,Hollywood
co,co,co.
prisoner,prisionero,prisioneiro
delivery,entrega,Entrega
Jenny,Jenny,Jenny.
guards,guardias,guardas
desire,deseo,desejo
virus,virus,vírus
shrink,encogerse,psiquiatra
influence,influencia,influência
freezing,congelación,congelando
concert,concierto,show
wreck,naufragio,naufrágio
partners,socios,Parceiros
Massimo,Massimo,Massimo.
chain,cadena,corrente
birds,aves,aves
walker,caminante,andador
life's,la vida,vida de vida
wire,cable,fio
technically,técnicamente,tecnicamente
presence,presencia,presença
blown,estropeado,soprado
anxious,ansioso,ansioso
cave,cueva,caverna
version,versión,versão
mickey,mickey,mickey.
holidays,Días festivos,feriados
cleared,despejado,limpo
wishes,deseos,desejos
survived,sobrevivió,sobreviveu
caring,cuidando,carinhoso
candles,velas,velas
bound,Unido,limite
related,relacionada,relacionado
Gabrielle,Gabrielle,Gabrielle.
charm,encanto,charme
apple,manzana,maçã
yup,sí,sim
Texas,Texas,Texas.
pulse,legumbres,pulso
jumping,saltando,pulando
jokes,chistes,piadas
frame,marco,quadro
boom,auge,estrondo
vice,vicio,vice
performance,rendimiento,atuação
occasion,ocasión,ocasião
silence,silencio,silêncio
opera,ópera,ópera
opal,ópalo,opala
nonsense,disparates,Absurdo
Julie,Julie,Julie.
frightened,aterrado,assustado
downtown,centro,Centro da cidade
Americans,Estadounidenses,Americanos
Joshua,Josué,Joshua
internet,Internet,Internet
Valerie,Valerie,Valerie.
slipped,resbalado,escorregou
Lucinda,Lucinda,Lucinda
holly,acebo,azevinho
duck,Pato,Pato
dimera,dimera,dimera.
blowing,soplo,sopro
world's,del mundo,os mundos
session,sesión,sessão
relationships,relaciones,relacionamentos.
kidnapping,secuestro,seqüestrar
England,Inglaterra,Inglaterra
actual,real,real
spin,vuelta,rodar
classic,clásico,clássico
civil,civil,Civil
tool,herramienta,ferramenta
Roxy,Roxy,Roxy.
packing,embalaje,embalagem
education,educación,Educação
blaming,culpable,culpando
wrap,envoltura,enrolar
obsessed,obsesionado,obcecado
fruit,Fruta,fruta
torture,tortura,tortura
personality,personalidad,personalidade
location,localización,localização
loan,préstamo,empréstimo
effort,esfuerzo,esforço
daddy's,papi,papai
commander,comandante,comandante
trees,árboles,Árvores
there'll,hay,Lá
rocks,rocas,Rochas
owner,dueño,proprietário
fairy,hada,fada
banks,bancos,bancos
network,red,rede
per,por,por
other's,otros,outras
necessarily,necesariamente,necessariamente
Louis,Louis,Louis
county,condado,condado
contest,concurso,concurso
chuck,arrojar,mandril
seventy,setenta,setenta
print,imprimir,impressão
motel,motel,motel
fallen,caído,caído
directly,directamente,diretamente
underwear,ropa interior,roupa de baixo
grams,gramos,gramas.
exhausted,exhausto,Exausta
believing,creyente,acreditando
Thorne,Thorne,Thorne.
particularly,particularmente,particularmente
freaking,maldito,enlouquecedor
carefully,con cuidado,cuidadosamente
trace,rastro,vestígio
touching,conmovedor,tocando
messing,jugador,bagunçando
Hughes,abrazos,Hughes.
committee,comité,Comitê.
smooth,suave,suave
recovery,recuperación,recuperação
intention,intención,intenção
enter,ingresar,digitar
consequences,Consecuencias,consequências
belt,cinturón,cinto
standard,estándar,padrão
sacrifice,sacrificio,sacrifício
marina,puerto pequeño,marina
courage,coraje,coragem
butter,manteca,manteiga
officers,oficiales,oficiais
enjoyed,disfruté,curtiu
ad,anuncio,de Anúncios
lack,falta,falta
buck,dólar,bode
attracted,atraído,atraído
appears,aparece,parece
Spencer,Spencer,Spencer.
bay,Bahía,Baía
yard,yarda,Jardim
returned,devuelto,devolvida
remove,retirar,remover
nut,nuez,porca
carried,transportado,carregou
today's,de hoy,de hoje
testimony,testimonio,testemunho
intense,intenso,intenso
granted,otorgado,garantido
Alice,Alicia,Alice
violence,violencia,violência
Peggy,Pegajoso,Peggy.
heal,curar,curar
defending,defensor,defender
attempt,intento,tentar
unfair,injusto,Injusto
relieved,aliviado,aliviado
political,político,político
loyal,leal,fiel
approach,Acercarse,aproximação
slowly,despacio,devagar
plays,obras de teatro,tocam
normally,normalmente,normalmente
buzz,zumbido,zumbido
alcohol,alcohol,álcool
actor,actor,ator
surprises,sorpresas,surpresas
psychiatrist,psiquiatra,psiquiatra
pre,pre,pré
plain,simple,simples
attic,ático,sótão
who'd,quien había,quem iria
uniform,uniforme,uniforme
terrified,aterrorizado,aterrorizado
sons,hijos,filhos
pet,mascota,bicho de estimação
Kristen,Kristen,Kristen.
cleaned,limpiado,limpo
Zach,Zach,Zach
threaten,amenazar,ameaçar
teaching,enseñando,ensino
mum,mamá,mãe
motion,movimiento,movimento
fella,afligido,fella.
enemies,enemigos,inimigos
desert,Desierto,deserto
collection,colección,coleção
Roxanne,Roxanne,Roxanne.
incident,incidente,incidente
failure,falla,falha
satisfied,satisfecho,satisfeito
imagination,imaginación,imaginação
hooked,enganchado,viciado
headache,dolor de cabeza,dor de cabeça
forgetting,olvidando,esquecendo
counselor,consejero,conselheiro
Andie,Andie,Andie
acted,actuado,agiu
opposite,opuesto,oposto
highest,más alto,Altíssima
gross,bruto,Bruto
golden,dorado,dourado
equipment,equipo,equipamento
badge,Insignia,distintivo
tennis,tenis,tênis
Italian,italiano,italiano
visiting,visitando,visitando
Tricia,Tricia,Tricia.
studio,estudio,estúdio
naturally,naturalmente,naturalmente
frozen,congelado,congeladas
commissioner,notario,comissário
sakes,sake,SAKE.
Lorelei,Lorelei,Lorelei.
labor,labor,trabalho
glory,gloria,glória
appropriate,apropiado,apropriado
Africa,África,África
trunk,tronco,porta-malas
armed,armado,armado
twisted,retorcido,torcido
thousands,miles,milhares
received,recibió,recebido
dunno,No sé,Não sei
costume,disfraz,traje
temporary,temporal,temporário
sixteen,dieciséis,dezesseis
impressive,impresionante,impressionante
zone,zona,zona
kitty,gatito,gatinha
kicking,pateando,chutando
junk,basura,lixo
hon,estupendo,hon
grabbed,agarrado,agarrou
France,Francia,França
unlike,a diferencia de,diferente
understands,entiende,entende
mercy,misericordia,Misericórdia
describe,describir,descrever
Wayne,Wayne,Wayne.
priest,sacerdote,padre
Cordelia,Cordelia,Cordelia.
clients,clientela,Clientes.
cable,cable,cabo
owns,poseer,é proprietária
affect,afectar,afetar
witnesses,testigos,Testemunhas
starving,hambriento,morrendo de fome
Robbie,Robbie,Robbie.
instincts,instintos,instintos
happily,felizmente,Felizmente
discussing,que se discute,discutindo.
deserved,merecido,merecida
strangers,extraño,estranhos
leading,principal,principal
intelligence,inteligencia,inteligência
host,anfitrión,hospedar
authority,autoridad,autoridade
surveillance,vigilancia,vigilância
cow,vaca,vaca
commercial,comercial,comercial
admire,admirar,admirar
Williams,Williams,Williams.
Tuesday,martes,terça-feira
shadow,sombra,sombra
questioning,interrogatorio,questionamento
fund,fondo,fundo
dragged,arrastrado,arrastada
barn,granero,celeiro
object,objeto,objeto
Doug,Doug,Doug.
deeply,profundamente,profundamente
amp,amperio,amp
wrapped,envuelto,envolto
wasted,desperdiciado,desperdiçado
Vega,Vega,Vega.
tense,tiempo,tenso
sport,deporte,esporte
route,ruta,rota
reports,informes,relatórios
Reese,Reese,Reese.
plastic,el plastico,plástico
hoped,esperado,esperava
fellas,Fallas,Fellas.
election,elección,eleição
roommate,compañero de habitación,companheiro de quarto
pierce,atravesar,perfurar
mortal,mortal,mortal
fascinating,fascinante,fascinante
chosen,elegido,escolhido
stops,paradas,pára
shown,mostrado,mostrando
arranged,organizado,arranjado
Arnold,Arnold,Arnold.
abandoned,abandonado,abandonado
sides,lados,lados
delivered,entregado,entregue
china,porcelana,China
becomes,se convierte en,torna-se
arrangements,preparativos,arranjos
agenda,agenda,agenda
Linda,linda,Linda
hunting,caza,Caçando
began,empezó,começasse
theater,teatro,Teatro
series,serie,Series
literally,literalmente,literalmente
propose,proponer,propor
Howard,Howard,Howard.
honesty,honestidad,honestidade
basketball,baloncesto,basquetebol
underneath,debajo,debaixo de
forces,efectivo,forças
soldier,soldado,soldado
services,servicios,Serviços
sauce,salsa,molho
review,revisión,Reveja
promises,promesas,promessas
Oz,Onz,Oz
lecture,conferencia,palestra
Greg,Greg,GREG.
eighty,ochenta,oitenta
brandy,brandy,conhaque
bills,facturas,notas
Bauer,Bauer,Bauer.
windows,ventanas,janelas
torn,Rasgado,rasgado
shocked,conmocionado,chocado
relief,alivio,alívio
Nathan,Nathan,Nathan.
Jones,Jones,Jones
horses,caballos,cavalos
golf,golf,golfe
Florida,Florida,Flórida
explained,explicado,explicado
counter,encimera,contador
Niki,Niki,Niki.
Lauren,Lauren,Lauren.
design,diseño,Projeto
circle,circulo,círculo
victims,víctimas,Vítimas.
transfer,transferir,transferir
Stanley,Stanley,Stanley.
response,respuesta,resposta
channel,canal,canal
backup,apoyo,cópia de segurança
identity,identidad,identidade
differently,diferentemente,diferentemente
campus,instalaciones,campus
spy,espiar,espião
ninety,noventa,noventa
interests,intereses,interesses.
guide,guía,guia
Emma,Emma,Emma.
Elliot,Elliot,Elliot.
deck,plataforma,área coberta
biological,biológico,biológico
Vince,Vince,Vince
SD,Dakota del Sur,SD
pheebs,penebete,Pheebs.
minor,menor,menor
ease,facilitar,facilidade
creep,arrastrarse,rastejar
Will's,Will,Will's.
waitress,camarera,garçonete
skills,habilidades,Habilidades
Bobbie,Bobbie,Bobbie.
telephone,teléfono,Telefone
photos,fotografías,Fotos
Keith,Keith,Keith.
Catalina,Catalina,Catalina
ripped,rasgado,rasgado
raising,levantamiento,subindo
scratch,rasga,"coçar, arranhão"
rings,anillos,argolas
prints,huellas dactilares,impressões.
flower,flor,Flor
wave,onda,aceno
thee,El e,te
arguing,discutiendo,discutindo.
royal,real,real
laws,leyes,Leis
figures,cifras,Figuras
Ephram,Efram,Efram
Ellison,Elison,Ellison.
asks,pregunta,pergunta
writer,escritor,escritor
reception,recepción,recepção
pin,alfiler,PIN
oops,UPS,oops.
gt,gt,gt.
diner,cena,o jantar
annoying,molesto,irritante
agents,agentes,agentes
taggert,taggert,Taggert.
goal,meta,meta
council,Consejo,conselho
mass,masa,massa
ability,capacidad,habilidade
sergeant,sargento,sargento
Julian's,Julian's,Julian's.
international,internacional,internacional
id,identificación,eu ia
Gina,Gina,Gina
gig,Curro,gig.
Davidson,Davidson,Davidson.
blast,explosión,explosão
basic,básico,Básico
wing,ala,ASA
tradition,tradicion,tradição
towel,toalla,toalha
Steven,Steven,Steven.
Jenkins,Jenkins,Jenkins.
earned,ganado,ganhou
clown,payaso,palhaço
rub,frotar,esfregar
president's,presidente,presidente
habit,hábito,hábito
customers,clientes,clientes
creature,criatura,criatura
counts,recuento,conta
Bermuda,islas Bermudas,Bermudas
actions,comportamiento,ações
snap,quebrar,foto
Roman,romano,romano
react,reaccionar,reagir
prime,principal,melhor
paranoid,paranoico,paranoico.
pace,ritmo,ritmo
wha,wha,Wha
Romeo,Romeo,Romeo.
handling,manejo,manuseio
eaten,comido,comido
dahlia,dalia,dália
therapist,terapeuta,terapeuta
comment,comentario,Comente
charged,cargado,carregada
tax,impuesto,imposto
sink,hundir,lavatório
reporter,reportero,repórter
nurses,enfermeras,enfermeiros
beats,latidos,batidas
priority,prioridad,prioridade
Johnson,Johnson,Johnson.
interrupting,interrupción,interrompendo
gain,ganar,ganho
fed,alimentados,Fed.
Bennett,Bennett,Bennett.
warehouse,depósito,armazém
virgin,Virgen,virgem
shy,tímido,tímido
pattern,patrón,padronizar
loyalty,lealtad,lealdade
inspector,inspector,Inspetor
events,eventos,Eventos
candle,vela,vela
pleasant,agradable,prazeroso
media,medios de comunicación,meios de comunicação
excuses,excusas,desculpas
duke,duque,duque
castle,castillo,castelo
threats,amenazas,ameaças
Samantha,Samantha,Samantha.
permanent,permanente,permanente
guessing,adivinación,adivinhação
financial,financiero,financeiro
demand,demanda,exigem
Darla,Darla,Darla.
basket,cesta,cesta
assault,asalto,assalto
Ali,Ali,Todos
tend,tender,tratar
praying,Orando,Rezar
motive,motivo,motivo
los,losis,los.
unconscious,inconsciente,inconsciente
trained,entrenado,treinado
Stuart,Stuart,Stuart.
Ralph,Ralph,Ralph.
museum,museo,museu
Betty,Betty,Betty.
alley,callejón,beco
tracks,pistas,faixas
swimming,natación,natação
range,abarcar,alcance
nap,siesta,sesta
mysterious,misterioso,misterioso
unhappy,infeliz,infeliz
tone,tono,tom
switched,cambiado,comutado
Rappaport,Rappaport,Rappaport.
Nina,Nina,Nina.
liberty,libertad,liberdade
bang,estallido,bang.
award,otorgar,prêmio
Sookie,Sookie,Sookie.
neighbor,vecino,vizinho
loaded,cargado,carregado
gut,intestino,intestino
Cooper,cobre,Tanoeiro
childhood,infancia,infância
causing,causante,causando
swore,juré,jurada
sample,muestra,amostra
piss,orinar,xixi
hundreds,cientos,centenas
balance,equilibrio,Saldo
background,antecedentes,fundo
toss,sacudida,sorteio
mob,multitud,multidão
misery,miseria,miséria
central,central,central
boots,botas,chuteiras
Valentine's,De San Valentín,Namorados
thief,ladrón,ladrao
squeeze,estrujar,espremer
potter,alfarero,oleiro
lobby,vestíbulo,salão
hah,jah,hah.
goa'uld,Goa'uld,Goa'uld.
geez,caramelo,geez.
exercise,ejercicio,exercício
ego,ego,ego
drama,drama,drama
Al's,Al's,Al's.
patience,paciencia,paciência
noble,noble,nobre
Katherine,Katherine,Katherine.
Isabel,Isabel,Isabel.
indian,indio,indiano
forth,adelante,para frente
facing,frente a,voltado para
engine,motor,motor
booked,reservado,reservado
boo,abucheo,Boo
un,Naciones Unidas,un
songs,canciones,canções
Sandburg,Sandburg,Sandburg.
poker,póker,poker.
eighteen,Dieciocho,dezoito
d'you,d'you,d'você
cookie,Galleta,biscoito
bury,enterrar,enterrar
perform,llevar a cabo,executar
Hayley,Huele,Hayley
everyday,todos los días,todo dia
digging,excavación,escavação
Davis,Davis,Davis.
creepy,espeluznante,arrepiante
compared,comparado,comparado
wondered,preguntado,perguntou-se
trail,rastro,trilha
saint,Santo,santo
rotten,podrido,podre
liver,hígado,fígado
hmmm,mmm,Hmmm
drawn,dibujado,desenhado
device,dispositivo,dispositivo
whore,puta,prostituta
ta,ejército de reserva,ta.
magical,mágico,mágico
Bruce,Bruce,Bruce.
village,pueblo,Vila
march,marcha,marcha
journey,viaje,jornada
fits,encaja,encaixa
discussed,discutido,discutido
zombie,zombi,zumbi.
supply,suministro,fornecem
moral,moral,moral
helpful,útil,útil
attached,adjunto,em anexo
Timmy's,Timmy's,Timmy's.
slut,puta,puta
searching,buscando,procurando
flew,voló,voou
depressed,Deprimido,depressivo
aliens,alienígenas,alienígenas
aisle,pasillo,corredor
underground,subterráneo,debaixo da terra
pro,Pro,pró
drew,dibujó,Desenhou
daughters,hijastro,filhas
cris,cris,cris.
amen,amén,um homem
vows,votos,votos
proposal,propuesta,proposta
pit,fosa,Cova
neighbors,vecinos,vizinhos
darn,maldito,danificar
clay,arcilla,argila
cents,centavos,centavos
arrange,arreglar,arranjo
annulment,anulación,anulação
uses,usos,usa
useless,inútil,inútil
squad,equipo,Esquadrão
represent,representar,representar
product,producto,produtos
joined,Unido,juntou
afterwards,después,mais tarde
adventure,aventuras,aventura
resist,resistir,resistir
protected,protegido,protegido
net,neto,internet
Marlena,Marlena,Marlena
fourteen,catorce,quatorze
celebrating,celebrando,a comemorar
Benny,Benny,Benny.
piano,piano,piano
inch,pulgada,polegada
flag,bandera,bandeira
debt,deuda,dívida
darkness,oscuridad,Trevas
violent,violento,violento
tag,etiqueta,marcação
sand,arena,areia
gum,goma,Chiclete
dammit,damita,dammit
teal'c,Teal'c,Teal'c.
strip,banda,faixa
Norman,normando,normando
hip,cadera,quadril
celebration,celebracion,celebração
below,debajo,abaixo de
reminded,recordado,lembrado
palace,palacio,Palácio
claims,reclamación (es,reivindicações
tonight's,esta noche,esta noite
replace,reemplazar,substituir
phones,Los telefonos,telefones
paperwork,papeleo,papelada
mighty,poderoso,poderoso
Lloyd,Lloyd,Lloyd.
emotions,emociones,emoções
Andrew,Andrés,Andrew.
typical,típico,típica
stubborn,testarudo,teimoso
stable,estable,estábulo
Sheridan's,Sheridan,Sheridan's.
pound,libra,libra
pillow,almohada,almofada
papa,papá,papá.
mature,maduro,maduro
lap,regazo,colo
designed,diseñado,projetado
current,Actual,atual
Canada,Canadá,Canadá
bum,culo,vagabundo
tension,tensión,tensão
tank,tanque,tanque
suffered,sufrido,sofreu
stroke,carrera,derrame
steady,firme,estável
provide,proveer,fornecer
overnight,durante la noche,pernoite
meanwhile,mientras tanto,Enquanto isso
chips,papas fritas,salgadinhos
beef,carne de res,carne
wins,victorias,vence
suits,trajes,se adequa
carol,villancico,Carol
boxes,cajas,caixas
salt,sal,sal
el,el,el
Cassadine,Casadino,Cassadine.
express,Rápido,expressar
collect,recoger,coletar.
boy's,Niños,Rapazes
ba,licenciado en Letras,BA
tragedy,tragedia,tragédia
therefore,por lo tanto,portanto
spoil,mimar,estragar
Libby,Libby,Libby
realm,reino,Reino
profile,perfil,perfil
degrees,grados,graus
wipe,limpiar,limpar
Wilson,Wilson,Wilson.
surgeon,cirujano,cirurgião
stretch,tramo,esticam
stepped,pisado,pisado
nephew,sobrino,sobrinho
neat,ordenado,arrumado
limo,limusina,limusine.
fox,zorro,Raposa
confident,seguro,confiante
anti,anti,anti
victory,victoria,vitória
perspective,perspectiva,perspectiva
designer,diseñador,Designer.
climb,escalada,escalar
angels,ángeles,anjos
title,título,título
suggested,sugirió,sugerido
punishment,castigo,punição
finest,mejor,melhor.
Ethan's,Ethan's,Ethan's.
Stefan,Stefan,Stefan.
Springfield,Springfield,Springfield
occurred,ocurrió,ocorreu
hint,pista,dica
furniture,muebles,mobiliário
blanket,manta,cobertor
twist,giro,torção
trigger,desencadenar,desencadear
surrounded,rodeado,cercado
surface,superficie,superfície
proceed,Continuar,Continuar
lip,labio,lábio
jersey,jersey,jersey.
fries,papas fritas,fritas
worries,preocupaciones,Preocupações.
refused,rechazado,recusou
niece,sobrina,sobrinha
handy,práctico,à mão
gloves,guantes,luvas
soap,jabón,sabão
signature,firma,assinatura
disappoint,decepcionar,desapontar
crawl,gatear,arrasto
convicted,convicto,condenado
zoo,zoo,jardim zoológico
result,resultado,resultado
pages,páginas,Páginas
lit,iluminado,aceso
flip,dar la vuelta,virar
counsel,consejo,conselho
cheers,salud,Felicidades
doubts,dudas,dúvidas
crimes,delitos,crimes.
accusing,acusación,acusando
when's,cuando es,quando é
shaking,sacudida,agitando
remembering,recordando,lembrando
phase,fase,Estágio
kit,equipo,kit
hallway,Vestíbulo,corredor
halfway,Medio camino,a meio caminho
bothered,molesto,incomodado
useful,útil,útil
Sid,Sid,Sid
popcorn,Palomitas,Pipoca
makeup,maquillaje,Maquiagem
madam,señora,Senhora
Louise,Louise,Louise.
Jean,Vaquero,Jean.
gather,recolectar,reunir
cowboy,vaquero,vaqueiro
concerns,preocupaciones,preocupações
CIA,Cia,Cia.
cameras,cámaras,câmeras
blackmail,chantaje,chantagem
Winnie,Winnie,Winnie.
symptoms,síntomas,sintomas
rope,soga,corda
Patrick,Patricio,Patrick.
ordinary,ordinario,comum
imagined,imaginado,imaginado
concept,concepto,conceito
cigarette,cigarrillo,cigarro
barb,lengüeta,farpa
supportive,apoyo,solidário
memorial,monumento,memorial
Japanese,japonés,japonês
explosion,explosión,explosão
Coleman,Coleman,Coleman.
Bundy,Bundy,Bundy.
yay,Hurra,yay
woo,cortejar,woo.
trauma,trauma,trauma
Russian,ruso,russo
ouch,Ay,ouch.
Leo's,Leo,Leo's.
furious,furioso,furioso
cheat,hacer trampa,enganação
avoiding,evitando,evitando
whew,Uf,ufalhar
thick,grueso,Grosso
oooh,oooh,oooh.
boarding,embarque,embarque
approve,aprobar,aprovar
urgent,urgente,urgente
shhh,shhh,shhh
misunderstanding,malentendido,mal-entendido
minister,ministro,ministro
Ellen,Elen,Ellen.
drawer,cajón,gaveta
sin,pecado,pecado
phony,falso,falso
joining,unión,juntando-se
jam,mermelada,geléia
interfere,interferir,interferir
governor,gobernador,governador
Eden,Edén,Éden
chapter,capítulo,capítulo
catching,atrapando,pegando
bargain,negociar,barganha
warren,madriguera,Warren.
tragic,trágico,trágico
schools,escuelas,escolas
respond,responder,responder
punish,castigar,punir
penthouse,ático,Penthouse
hop,brincar,pulo
angle,ángulo,ângulo
thou,tú,vós
sherry,Jerez,xerez
remains,restos,permanece
rach,rach,rano
ohhh,Oh,ohhh.
insult,insulto,insulto
doctor's,de doctor,médico
bugs,insectos,insetos
beside,junto a,ao lado
begged,rogado,implorou
absolute,absoluto,absoluto
strictly,estrictamente,estritamente
Stefano,Stefano,Stefano.
socks,medias,meias
senses,Sentidos,sentidos.
British,británico,britânico
ups,UPS,ups
sneaking,furtivo,Sneaking.
Sheila,Sheila,Sheila.
yah,yah,yah.
worthy,valioso,valioso
Val,Val,Val.
serving,servicio,servindo.
reward,recompensa,recompensa
polite,Cortés,educado
checks,cheques,Verificações
tale,cuento,conto
physically,físicamente,fisicamente
instructions,instrucciones,instruções
fooled,engañado,enganado
blows,golpes,golpes
tabby,atigrado,malhado
internal,interno,interno
bitter,amargo,amargo
adorable,adorable,adorável
y'all,todos,y'all.
tested,probado,testado
suggestion,sugerencia,sugestão
string,cuerda,corda
mouse,ratón,rato
marks,marcas,marcas
jewelry,joyas,joalheria
debate,debate,debate
com,com,com.
alike,similar,parecido
pitch,terreno de juego,tom
Lou,Lou,Lou.
jacks,jacks,Jacks.
fax,fax,fax
distracted,distraído,distraído
shelter,refugio,abrigo
lovers,amantes,amantes
lessons,lecciones,lições
hart,ciervo,hart.
goose,ganso,Ganso
foreign,extranjero,esqueceram
escort,escolta,escolta
average,promedio,média
twin,mellizo,gêmeo
testing,pruebas,teste
friend's,amigos,amigos
damnit,maldición,droga
constable,alguacil,polícia
circus,circo,circo
Berg,Iceberg,Berg.
audition,audición,audição
tune,melodía,afinação
shoulders,espalda,ombros
mud,lodo,lama
mask,máscara,mascarar
helpless,indefenso,desamparado
feeding,alimentación,alimentando
explains,explica,explica
dated,con fecha de,datado
sucked,chupado,sugado
robbery,robo,roubo
objection,objeción,objeção
kirk,iglesia,kirk.
Kennedy,Kennedy,Kennedy.
Collins,Collins,Collins.
Christina,Christina,Christina
behave,comportarse,comporte-se
valuable,valioso,valioso
Simpson,Simponia,Simpson.
shadows,oscuridad,sombras
Marcy,Marcoso,Marcy.
Gary,Gary,Gary
creative,creativo,criativo
courtroom,sala de justicia,Courtroom.
confusing,confuso,confuso
beast,bestia,fera
tub,tina,banheira
talented,talentoso,talentoso
struck,golpeado,chocado
smarter,más inteligente,mais esperto
mistaken,equivocado,equivocado
Italy,Italia,Itália
customer,cliente,cliente
bizarre,extraño,bizarro
scaring,amedrentador,assustando
punk,punk,punk
motherfucker,hijo de puta,filho da puta
holds,sostiene,mantém
focused,enfocado,focado
Angeles,Angeles,Angeles
alert,alerta,alerta
activity,actividad,atividade
vecchio,Vecchio,vecchio.
sticks,palo,Gravetos
singer,cantante,cantor
reverend,reverendo,reverendo
highway,autopista,rodovia
Francisco,Francisco,Francisco.
foolish,tonto,Insensato
compliment,cumplido,elogio
blessed,bendito,abençoado
bastards,bastardos,bastardos
attend,atender,comparecer
scheme,esquema,esquema
Joanna,Joanna,Joanna
Marissa,Marissa,Marissa.
Canadian,canadiense,canadense
aid,ayuda,ajuda
worker,obrero,trabalhador
wheelchair,silla de ruedas,cadeira de rodas
protective,protector,protetor
poetry,poesía,poesia
gentle,amable,□ Gentil
script,texto,roteiro
reverse,contrarrestar,marcha ré
picnic,picnic,piquenique
knee,rodilla,joelho
intended,destinado a,destinada
construction,construcción,construção
cage,jaula,cela
wives,esposas,esposas
Wednesday,miércoles,quarta-feira
voices,voces,Vozes.
toes,dedos de los pies,dedos dos pés
stink,hedor,fedor
scares,asustar,assustar
pour,verter,derramar
effects,efectos,Efeitos
cheated,engañado,enganado
tower,torre,torre
time's,veces,vez do tempo
slide,diapositiva,slide
ruining,arruinamiento,arruinando
recent,reciente,recente
jewish,judío,judaico
Jesse,Jesse,Jesse.
filling,relleno,o preenchimento
exit,Salida,saída
cruise,crucero,cruzeiro
cottage,cabaña,cabana
corporate,corporativo,corporativo
cats,gatos,gatos
upside,al revés,parte de cima
supplies,suministros,suprimentos
proves,prueba,prova
parked,estacionado,estacionado
Jo,Joder,Jo.
instance,ejemplo,instância
grounds,jardines,terrenos
German,alemán,alemão
diary,diario,diário
complaining,quejumbroso,reclamando
basis,base,base
wounded,herido,ferido
thing's,cosas,coisas
politics,política,política
Hawaii,Hawai,Havaí
confessed,confesado,confessado
wicked,malvado,malvado
pipe,tubo,tubo
merely,simplemente,apenas
massage,masaje,massagem
data,datos,dados
colors,colores,cores
chop,cortar,Picar
budget,presupuesto,despesas
brief,breve,apresentação
Tina,Tina,Tina.
spill,derramar,derramar
prayer,oración,oração
costs,costos,custos
chicks,pollitos,filhotes
betray,traicionar,trair
begins,comienza,começa
arrangement,disposición,arranjo
waiter,mesero,garçom
sucker,ventosa,otário
scam,estafa,fraude
rats,ratas,ratos
Leslie,Leslie,Leslie.
fraud,fraude,fraude
flu,gripe,gripe
brush,cepillo,escovar
anyone's,cualquiera,ninguem é
adopted,adoptado,adotado